title,category
"LS에코에너지, 非중국 첫 방산용 희토류 금속 양산",Economic
"2월 산업생산 2.5%↑, 5년 8개월 만에 최대 폭…중동 사태 미반영",Economic
"동국제강그룹, 노봉법 혼란 속 쟁의 ‘무풍지대’...그 비결은 [biz-플러스]",Economic
중동 긴장에 '또'…전국 휘발유 1900원 재돌파 '눈앞',Economic
"더본코리아 백종원 ""잃어버린 1년…올해 해외진출·공격적 M&A""",Economic
[단독]다음달 6일부터 공공부문 차량 2부제 시행 검토…비축유 스와프 운용,Economic
"서울시, 공공주택 13만호 공급·30조 투입",Economic
기존 강자 vs 신생 브랜드…뷰티 디바이스 전쟁 시작됐다,Economic
"착공 늘긴 했는데, 입주는 언제…서울 2월 착공 2602호 [부동산360]",Economic
2월 사업체 종사자 17.3만명↑…건설업 21개월 연속 감소,Economic
‘인천공항공사 통폐합 반대 결의안’ 인천시의회 통과...민주당 3명은 ‘반대’,Economic
대체원유 찾으면 정부가 바꿔준다…'비축유 스와프' 시행,Economic
고물가 시대 생존 지도…가성비 식당 모은 ‘거지맵’ 인기,Economic
"“주담대 月25만원 뛰었는데, 더 오른다”…내일부터 2.5억 고액대출자 어쩌나",Economic
입사 하루 만에 출산해도 ‘1억’…퇴사해도 안 뺏는다,Economic
"""순익 줄었는데 보수 역대급""…두나무 직원 평균 2.5억·송치형 60억 '연봉 잔치'",Economic
삼성바이오로직스 노조 '파업 찬성 95%'…무결점 공급망 흔들리나,Economic
"오세훈 ""다주택 규제 효과 한시적…토지임대부 분양 경쟁률 높을 것""(종합)",Economic
"디엠에스 이석화 대표 ""반도체 유리기판 장비 성과 예상""",Economic
"급성장 TDF, ‘미국 쏠림’ 제동 걸린다…금감원, 투자비중 80%로 제한",Economic
가구당 월평균 293만원 의식주에 쓴다..소득불평등은 커져,Economic
"LG화학 주총서 팰리서 주주제안 부결…""운영상 불확실성 커""(종합)",Economic
40억 조직사기까지 등장…보험사기 ‘대형화’ 현실 됐다,Economic
"""비트코인, 올해 신고점 경신은 어렵다""…6.8만달러 일시 회복[코인브리핑]",Economic
반도체주 직격탄 시총 840조 증발… 전쟁에 검게 덮인 금융시장,Economic
"국민 10명 중 8명 ""보수·진보 갈등 심각""…해외여행 비율 최고",Economic
"""은퇴하면 뭐 먹고 사나""…중요성 커진 '생애주기펀드' 운용",Economic
"8년 만에 18배 큰 TDF, 美 쏠림 막는다…투자한도 80% 적용",Economic
"뉴 KT, 출발부터 내홍?… 신구대표 ‘기싸움’[백브리핑]",Economic
"'황제주 사일천하' 삼천당제약 주가 폭락…“美 독점계약 실망""",Economic
"대웅 우루사, 작년 최대 매출…비만약 광풍에 웃었다",Economic
"[현장] 김동춘 LG화학 사장 ""나프타 수급 불안…러시아산 추가도 어려워""",Economic
"한미약품, 신임 대표에 황상연 선임…첫 외부 출신 CEO",Economic
비축유 '스왑' 전격 시행…“수액팩 등 의료용품 최우선 보호”,Economic
"트럼프, 이란전쟁 끝내나?…'낙폭 축소' 닛케이 0.13%↓[Asia오전]",Economic
홈플 익스프레스 새 주인은?…유진·GS·롯데 3파전?,Economic
"한미약품, 53년만에 첫 외부전문가 수장 임용… 내홍 일단 매듭",Economic
"공정위 제동, 빗썸 불똥…네이버·두나무 첩첩산중",Economic
"백종원 ""오너리스크 사라질 것…유튜브로 한식조리법 알려""(종합)",Economic
'나프타 대란'에...건설 현장 레미콘·페인트 수급 우려,Economic
"지방선거 이후 보유세 강화?…진성준 ""7월 개편 가능성""",Economic
'비축유 맞교환' 전격 시행…정유4사 2000만 배럴 신청,Economic
"러시아 나프타 2.7만톤 수혈…""쓰레기, 일반봉투 허용""",Economic
"김동춘 LG화학 사장 ""나프타 추가 확보 어렵다""…러시아산 도입에도 수급 불안 지속 [주총]",Economic
"전세는 줄고, 월세가 대세…월세 비중 68.3% '5년來 최고'",Economic
"환율 1,530원 육박…코스피 5,200선 공방",Economic
"티웨이항공 사명 바꾼다…""주총에서 가결"" 새 이름 보니",Economic
'고유가 직격탄' 대한항공 비상경영 돌입…티웨이·아시아나 이어 세번째,Economic
"노후 새 주거 옵션 ‘실버타운’, 부자들만의 선택일까 [이보소]",Economic
"원-달러 환율 한때 1,528원...신현송 ""달러 유동성 양호""",Economic
"트럼프 ""합의 안 되면 하르그섬 폭파""…이란 의회, 통행료 징수 승인",Economic
배양세포 전량 폐기 위기…삼바 노조의 무리한 파업 결의,Economic
파격보상안 걷어찬 삼성전자 노조…“황금알 거위 배 가르자는 생떼”,Economic
WM 강화 팔걷은 정상혁 “스마트혁신점포 100개로 확대”,Economic
"두나무, 지분 규제에도 '네이버 딜' 원안대로 추진…해외 사업 확대(종합)",Economic
"LIG넥스원, ‘LIG D&A’로 사명 변경…“종합방산 도약”",Economic
"김동춘 LG화학 CEO ""나프타 추가 구입 어려워…사업재편 속도""",Economic
신현송 “환율 높지만 달러 유동성 양호”,Economic
"환율, 출구 없는 이란 전쟁에 1528원 넘었다",Economic
"美연준 파월, 금리 셈법 ‘신중’...“중동전쟁 지켜봐야”",Economic
"“망하더라도 함께하면 성장 확신” 10년전 약속, 밀리의 ‘심장’ 되다",Economic
정부 “테슬라 FSD ‘탈옥’ 하면 불법”,Economic
"한화 필리조선소, 첫 美해군사업 수주",Economic
"LG화학, 팰리서 주주제안 줄줄이 부결…LG엔솔 유동화 확대도 무산 [주총]",Economic
"호황의 역설…삼성, '영업익 40조' 잔칫날 앞두고 노사 갈등 격화",Economic
“지금이 우량주 최고 매수 타이밍… 약세론자 말 무시하라”,Economic
"전기차 캐즘에…GM, 디트로이트 공장 가동중단 연장",Economic
"코스피, 5100 내줬다 5200선 회복…WIT 4년만에 100달러 돌파",Economic
"한화솔루션, '2.4조 유증' 정면돌파...주가 반등 '기지개'",Economic
티웨이 '트리니티항공'으로 바뀐다…주총서 확정,Economic
"“계약금 20% 내면 바로내집”… 서울시, 공공주택 13만호 공급",Economic
"'종량제 봉투 대란'에 재생원료 의무화…기후부 ""검토 중""",Economic
주병기 “전속고발권 폐지…국민·사업자 직접 고발 허용”,Economic
1인당 생산성 45% ↓…현대차 ‘수익성 역전’,Economic
"대한항공, 4월 비상경영 돌입…""중동 전쟁 장기화 여파""",Economic
"“RFHIC, 방산·통신 쌍끌이로 이익 증가 전망”",Economic
대체유 도입하면 비축유 먼저 준다…“4~5월 2000만 배럴 이상 확보”,Economic
기관 매수에 낙폭 줄인 코스피…5100선 회복,Economic
"삼성전기, FC-BGA 판매가격 인상…올해 영업익 185% 성장",Economic
"롯데, 핵심 기술·인프라 다진다…질적 성장 가속",Economic
"서울시, 전월세시장 불안에 2031년까지 공공주택 13만호 공급(종합)",Economic
"신현송 ""환율 1530원에 얽매일 필요 없어…달러 유동성 오히려 양호"" [HK영상]",Economic
대체원유 찾으면 바꿔준다… 정부 ‘비축유 스왑’ 도입,Economic
급락해도 믿음의 ‘삼전·닉스’…초고수 순매수 1·2위 [주식 초고수는 지금],Economic
"정부, 4월부터 정유사에 비축유 빌려준다… 대체 원유 들어오면 다시 채우는 ‘스와프’ 시행",Economic
"삼성물산, 반포푸르지오 우선협상자 선정…리모델링 시장 본격 진출",Economic
강남권 첫 오티에르…‘오티에르 반포’ 사이버 견본주택 개관,Economic
"정부, '비축유 스와프' 전격 시행…원유 수급 차질 대응",Economic
"산업부, 비축유 SWAP 제도 운영…""6월까지 원유 수급 이상無""",Economic
"국민성장펀드가 찜한 리벨리온, 6400억 프리IPO 투자유치",Economic
"정부, 비축유 스와프 제도 가동…정유사 원유 수입 공백 메운다",Economic
"티웨이항공, 사명 '트리니티항공' 변경 확정…주총서 가결",Economic
"삼성전기, 반도체 기판 가격 인상…올 영업이익 185%↑ 전망",Economic
"""귀신 보다 월세가 더 무서워요""…'아파트 유골방' 확산 [차이나 워치]",Economic
마지막 보루 대한항공까지 '비상경영'... 중동發 위기 확산,Economic
스테이블코인법 지연에 금융위 질타…여야 “정부안 나와야”,Economic
터보퀀트 여진 오래가네…삼전닉스 연일 하락세,Economic
"비트코인 투입 연산량, 6년 만에 분기 하락…약세장·채굴자 이탈 동반 악재",Economic
"신현송 “환율 수준, 큰 의미부여 안해…추경, 필요한 상황”(상보)",Economic
"신현송 ""현 환율 큰 우려 없어…달러 유동성 양호""(종합)",Economic
"""오늘 안에 안 사면 손해"" 우르르…3배 더 오른다",Economic
[속보] 대한항공 비상경영 선포…티웨이·아시아나 이어 세번째,Economic
오경석 두나무 대표 “네이버파이낸셜 합병 원안대로…마무리되면 바로 상장”,Economic
"한화, '마스가 첫 수주'… 美 해군 차세대 군수지원함 사업 참여",Economic
"""지금이 기회다, 사라""…애크먼·버리 동시에 매수 추천한 주식",Economic
환율 우려 차단한 신현송 “달러 유동성 양호” [종합],Economic
저가 커피 또 가격인상…아메리카노 2000원 ‘뉴노멀’,Economic
“한 달 이자만 70만원 더 내게 생겼네”…7% 뚫어버린 주담대에 영끌족 ‘피눈물’,Economic
“더위 빨리 온다”…뜨거워지는 아이스크림 시장,Economic
홈플러스 회생 핵심… 익스프레스 매수의향서 오늘 마감,Economic
"강남 알짜 상가빌딩, 리츠 ‘날개’ 달고 재탄생 눈길",Economic
"한화, 美 해군 함정 시장 '첫 발'…조선·방산 현지 확장 신호탄",Economic
"대한항공, 고유가 직격탄에 비상경영…항공업계 ‘전면 긴축’",Economic
외국인 ‘매물 폭탄’에 파업 리스크까지…‘17만전자’도 무너졌다 [투자360],Economic
"""2년 이하의 징역 살 수도""...테슬라 차주에 주의 준 국토부 [지금이뉴스]",Economic
"코스피, 장중 낙폭 줄여 5,200선 회복…코스닥도 하락폭 축소",Economic
항공유 폭등에…대한항공 마저 비상경영 돌입,Economic
"한은총재 후보자 ""현 환율 큰 우려 없어…달러 유동성 양호""",Economic
6월 GTX-A 전구간 개통! 강남 30분 생활권 날개 단 '운정 아이파크 포레스트',Economic
"전월세난에 놀란 서울시, 무주택자 대책 발표",Economic
"'이민우 결혼식도 불참' 신혜성, 60억 논현동 건물 매물로...""시세차익 별로 없다""",Economic
할머니 따라 샀는데 ‘하한가’ 날벼락…‘황제주’ 붕괴에 개미들 비명 터졌다,Economic
[틈새유통] 지금 온라인은 ‘쇼핑 축제’... 초대형 할인 경쟁 막 올랐다,Economic
“아파트 대안 통했다”…‘청라 피크원 푸르지오’ 완판에 2차 기대감,Economic
증시·부동산 활황에 국세수입 전년比 3.8조 늘었다(종합),Economic
유가 상승 ‘항공 물류’도 차질…화물 유류할증료 최대 4배 오를 듯[에너지 쇼크 현실화],Economic
국토부 “테슬라 FSD 무단 활성화는 불법”…중국산 테슬라 사용못해,Economic
"""공장 짓고 싶어도 못지어""…美, AI투자 과열에 인력난 심화",Economic
"은행·디지털자산 수탁사, 웹3 사업 손잡다",Economic
“10명 중 7명 해외행”… MZ 결국 ‘일본으로 몰린다’,Economic
공정위원장 “전속고발권 폐지 추진…국민·사업자 고발권 확대 검토”,Economic
가격 동결하고 차량 줄이고…유통업계 ‘정부발 긴축’에 동참,Economic
"신현송 한국은행 총재 후보자 ""현 환율 큰 우려 없어‥달러 유동성 양호""",Economic
중동발 원자재 수급난에 악성 미분양↑…건설업계 겹악재,Economic
"""좌석 두 개 사라?""…美 항공사 '체격 기준' 논란 확산",Economic
"리벨리온, 6400억원 프리IPO 투자 유치…기업가치 3.4조",Economic
"하나운용, 국내 최초 은현물 ETF ‘1Q 은액티브’ 신규 상장",Economic
코스피 공매도 잔고 첫 16조 돌파…하락 베팅 늘었다,Economic
"김동춘 LG화학 사장 ""러시아산 나프타 추가 구입 어려운 상황""",Economic
고환율 직격탄 맞은 은행권 작년말 건전성 지표 0.12%P↓,Economic
"원·달러 환율, 1520원대 후반까지 급등…코스피는 장초반 5000선 위협 [HK영상]",Economic
“붉은사막 30시간 해봤습니다” 이색 리포트 등장…펄어비스 주가 급등,Economic
G20 중 유독 韓만 혹독…성장률·증시 동반 추락에 구조적 취약 노출,Economic
"코스피, 5200선 회복…삼전 17만원대 재진입",Economic
전쟁 외풍에도 잘 버틴 중소형주…반도체 대형주보다 낙폭 작아,Economic
한미사이언스 이사회 진입한 라데팡스...김남규 대표 진입,Economic
"삼성전기, FC-BGA 수요 급증에 가격 인상…수익성 개선 기대",Economic
"KAI, 차세대중형위성 2호에 50명 소원 담아 우주로 발사",Economic
"신현송 ""매파·비둘기파 이분법 바람직하지 않아… 유연하게 대처"" [뉴시스Pic]",Economic
"두나무 ""합병완료 즉시 IPO 추진""…빗썸 ""2028년 이후""",Economic
이재명 대통령의 믿을맨? 이찬진 금감원장 상한가,Economic
“韓 주춤할 때 美는 벌써” 원화코인 ‘파생상품’ 나온다,Economic
"신현송 ""환율 큰 우려 없다…달러 유동성 양호""",Economic
"주식시장 패닉인데…""주가 10배 간다"" 리틀 버핏이 픽한 종목",Economic
"이재명 대통령 중동사태 관련 ""긴급재정명령 활용도···쓰레기봉투 충분한데 과장""",Economic
반포 트리플 역세권…‘오티에르 반포’ 출격,Economic
한미사이언스 “약가 인하 충격 R&D·헬스케어 사업으로 대응”…이사회에 라데팡스 대표 합류,Economic
"한화오션, K-해양방산 미래 이끌어 갈 주력 함정 선보인다",Economic
"사면초가 위기 속 5,000선 위협받은 코스피…고개 드는 신중론",Economic
"삼성전자, 14조5806억원 자사주 전량 소각 결정",Economic
대한항공도 4월부터 비상경영... 이란전쟁으로 고유가 충격,Economic
"한화필리조선소, 美해군사업 첫 수주… 차세대 군수지원함 설계 참여",Economic
"'코스닥 시총 1위' 삼천당제약 주총 이후 25% 급락, 왜?",Economic
"미래에셋, ‘TIGER 기술이전바이오액티브 ETF’ 순자산 1000억원 돌파",Economic
'5000선 위협' 코스피 어디로…반도체 실적·환율 변수,Economic
“대출 없어서 안전하다?” 전세사기의 치명적 착각 [한경부동산밸류업센터],Economic
"커지는 변동성에 증권사 실적 기대감↑…""전쟁發 조정은 증권株 기회?""",Economic
"삼미금속, 두산에너빌리티와 108억 규모 원전 터빈 블레이드 공급계약",Economic
"[클릭 e종목]""라온시큐어, 올해 최대 실적 전망…에이전틱AI 보안 자동화 플랫폼 도약""",Economic
"""반도체 고점 지났나""…글로벌 증시 흔드는 'AI 기대 균열'",Economic
"빗썸 ""내부통제 강화+기업가치 제고 후 IPO""…2028년 이후로 늦출 듯",Economic
"주병기 ""국민 300명·사업자 30개 이상 고발하면 공소 제기…전속고발제 폐지""",Economic
증시 호황에 2월 국세 18.1조…전년比 3.8조 늘었다,Economic
백종원 “억지 민원·고발로 잃어버린 1년…이제 ‘공격적 M&A’ 나설 것”,Economic
"삼성전자 떠나는 외국인…증권가는 여전히 ""위기 아닌 기회?""",Economic
"비만치료제도 넘보는 AI 신약…인실리코 메디슨, 릴리 4조 기술이전의 의미",Economic
"비트코인, 저가매수세 유입되며 6만7000달러선 회복 [크립토브리핑]",Economic
"한은총재 후보자 ""환율 수준 자체는 큰 의미 없어…달러 유동성 양호""",Economic
"신현송 한은 총재 후보 ""환율 큰 우려 없어…추경 물가압력 제한적""",Economic
홈플러스익스프레스 매수의향서 오늘 마감…'홈플 생존 분수령',Economic
"""SK하이닉스 지금이 매수적기"" 170만원 목표가 유지…RFHIC, 삼성전자 수주 기대에 목표가 50%↑ [株토피아]",Economic
"삼성전자, '진짜 비서' 만들었다…가정용 동반자 정체 '깜짝'",Economic
'주식열풍' 증권거래세 1.2조원 급증... 2월 누계 국세 71조원,Economic
첫 출근길 나선 신현송 “환율 레벨보다 달러 유동성 여건 중요”,Economic
“나왔다 하면 흥행”…서울 주택시장 ‘귀한 몸’ 된 청년안심주택,Economic
"'중동발' 유가 상승·달러 강세에 환율, 이틀째 장중 1,522원…코스피, 장 초반 2%대 내려 5,130대",Economic
"리센스메디컬, 코스닥 상장 첫날 ‘트리플’ 달성 [Why 바이오]",Economic
"[단독] 세븐일레븐, 내달 PB 의류 가격 최대 26% 인상",Economic
"'증시 호조' 덕분에…2월 국세 18.1조, 작년보다 3.8조 더 걷혀",Economic
2월 국세 18.1조 걷혔다…증시·부동산 활황에 전년比 3.8조원↑,Economic
2월 국세 전년 대비 3.8조↑…증시호황에 거래세·농특세 1.9조 늘어,Economic
"심혈관질환 예측 의료AI 메디웨일, 시리즈C 투자 200억 유치",Economic
"금감원, ‘신세계푸드, 이마트 완전자회사’ 추진 제동",Economic
서부산행정복합타운 시공사 태영건설 선정…동서 균형발전 시동,Economic
코스피 한때 5100선 내줘…원-달러 환율 1524원 돌파,Economic
중국 26층 아파트 돼지사육장…공급 넘쳐나 8년 來 최저가,Economic
"대한항공, 중동발 에너지 위기에 비상경영…""전사 비용 효율화""",Economic
"동문건설, ‘용인 고림 동문 디 이스트’ 공급 … 신흥주거타운 고림 가장 앞 ‘코어 입지’",Economic
한화솔루션 유상증자 후폭풍…고려아연 지분 매각론 부상,Economic
"농협은행, RWA관리 전면 손질…규제 수렴한 '미래 성장' 좌표는",Economic
홈플러스 운명 가른다…‘익스프레스 매각’ 마감 분기점,Economic
"국민연금, 하이브·KT·두산 자사주 처분 반대⋯""개정 상법 역행""",Economic
내달 ‘의무보유등록 해제 폭탄’ 주의…50개사 3억6300만주 풀린다,Economic
"두나무, '업비트 글로벌' 자회사 편입할까…8년 간의 '거리두기' 마침표",Economic
김동춘 LG화학 사장 “구조조정 및 고부가 전환 가속”,Economic
"두나무 ""네이버파이낸셜과 합병 원안대로…합병 후 곧바로 IPO 추진""",Economic
"LS에코에너지, '방산용' 희토류 연내 양산…비중국 최초",Economic
"“완판 다음은 판가 점프 기대”…증권가, 삼성전기 목표가 상향",Economic
"[주총]현대지에프홀딩스 장호진 ""지배구조 일원화로 책임 경영""",Economic
삼성물산 '넥스트 리모델링' 첫 단지는 반포푸르지오…우협 선정,Economic
삼성전자 AI 가전 더 똑똑해진다… 업그레이드 '빅스비' 적용,Economic
"“직접투자와 AI 자동운용 한번에”...핀트, 하나증권과 AI 투자일임 서비스 ‘자율주행’ 출시",Economic
"[단독] 성수4지구, 4월 1일 시공자 선정 재공고…대우건설 참여 변수",Economic
강남 3구 아파트 '증여 러시'…세제 개편 앞두고 절세 전략 변화,Economic
"삼성전자, 14.6조 자사주 소각에도 주가 약세",Economic
"“봉투는 있는데 왜 못 사나”… 정부, ‘가격 인상 없다·일반봉투 허용’까지 꺼냈다",Economic
K팹리스의 골든타임…'중국 공습'을 넘어 '맞춤형 온디바이스 AI'로,Economic
환율 1530원 턱밑…전쟁 리스크에 증시도 '휘청',Economic
"산업장관 ""석유 90만 배럴 北반출설 '가짜뉴스'…형사고발 등 엄정 대처""",Economic
"""잃어버린 1년 끝""…백종원, 다시 기지개",Economic
"삼성전기, FC-BGA 판매가 인상…올해 영업익 185% 성장 전망도",Economic
"“에스티팜, 올해 수주 급증 본격화…RNA 치료제 시장 확대 수혜 [Why 바이오]",Economic
걸프 공장 이란 공습 피해에 알루미늄 가격 4년만에 최고치,Economic
두나무 직원 평균 연봉 2.5억원… 송치형 회장은 60억원,Economic
중동 긴장에 전국 휘발유 ‘1900원 재돌파 초읽기 …오늘 1889원,Economic
한화오션 '차세대 구축함' 공개.. AI 기반 '해양방산' 고지 선점,Economic
"바이오 사상 최대 펀드 출범…블랙스톤, 63억달러로 최종 조달",Economic
“이란전쟁으로 걸프 6개국 성장률 4.4%→-0.2%”-옥스포드 이코노믹스,Economic
"다주택 뉴시니어, 두번째 집 대신 두번째 라이프 선택",Economic
"기아 EV9, 글로벌 평가 싹쓸이…전기 SUV 경쟁력 입증",Economic
내년 가동 앞둔 ‘용인 원삼 하이닉스’ 1순위 배후주거지 꼽히는 동탄신도시 들썩,Economic
"삼성·SK하이닉스, 분기 영업익 '70조 시대' 연다",Economic
이란 공습에 알루미늄 가격 급등…4년 來 최고,Economic
5월 뉴욕 항공권 끊어놨는데 유류할증료만 100만원?…대폭 인상 전망,Economic
"LIG넥스원→'LIG D&A'..""글로벌 종합방산기업 도약""",Economic
파격보상안 걷어찬 삼성전자 노조…“황금알 낳는 거위 배 가르자는 생떼”,Economic
전쟁 추경서 빠진 서민금융…소상공인 지원 후순위 밀렸다[only이데일리],Economic
[단독] 작년 적발된 가품 ‘18만점+α’…통관 인력은 300명 불과 [짝퉁과의 전쟁 ②],Economic
'반도체 힘' 2월 생산 5년8개월내 최대 증가…중동리스크 우려(종합2보),Economic
삼성전자 14.5조 규모 자사주 소각한다... 지난해 취득분,Economic
6G로 연결되는 '빅사이클' 수혜…통신장비 업종 성장 본격화,Economic
"오세훈 ""전세물량 3분의1 급감…정부 규제에 주택시장 흔들""",Economic
"KB국민카드, 카드 한장으로 '스테이블코인' 결제 구현",Economic
"국민연금, HD현대重 이상균·두산에너빌 박지원 이사 선임 제동",Economic
[사장님 대출 환승시대]③ 수혜 범위 제한적…한계 차주는 '그림의 떡',Economic
"한은총재 후보자 ""현 환율 큰 우려 없어…달러 유동성 양호""(종합)",Economic
건설경기 ‘감기’ 후방산업 ‘독감’…줄줄이 실적악화 ‘비명’ 들렸다 [중기+],Economic
"LS에코에너지, 비중국 희토류 금속 연내 양산",Economic
"""전쟁 장기화 땐 車 생산 차질""…현대차, 시총 한 계단 '뚝'",Economic
이란 전쟁發 에너지 충격에…亞 탈석탄 시계 '거꾸로',Economic
"GS칼텍스, 차입 감축·자산유동화 '재무관리' 고삐",Economic
'반도체 호황'에 산업생산 2.5%↑…투자도 '역대급' 상승(종합),Economic
"[증권사도 유가 리스크]② 한국투자증권, 분산 구조의 방어력 검증",Economic
'웨딩플레이션'에 예비부부들 달라졌네…셀프 웨딩 상품 수요 최대 19배↑,Economic
LG화학 주총서 '행동주의 펀드' 팰리서 주주제안 부결,Economic
‘1갑에 4500원 너무 싸다’…담배값 1만원으로 인상설 솔솔,Economic
"'황제주' 삼천당제약, 거품 경고 현실로…하루 만에 20% '뚝'",Economic
"""안정성·효율 높인 전고체전지, 전기차 넘어 로봇·우주로 뻗는다""[K산업, 미래설계자들]",Economic
"알지노믹스, 4월 AACR 학회서 RNA 기술 입증 기대[Why 바이오]",Economic
"[IPO챗] 1분기 신규상장 9곳뿐…""상장 타이밍 보수적 접근 확대""",Economic
신현송 “매파·비둘기파 이분법 바람직 안해…상황따라 유연히 대처”,Economic
"반도체 28% 급등에...2월 산업생산 2.5%↑, 5년 8개월 만에 최대폭",Economic
"주주 권익 보호한다더니… 솔루엠 이사회, 전자투표 도입 반대",Economic
"챔피언스시티개발, 금융비용 우려 속 '우미건설' 등판론",Economic
4년 만에 최고치 폭등…'이 시장' 중국이 쥐락펴락할 판,Economic
"한화, 미 해군 차세대 군수지원함 사업 참여",Economic
"신현송 ""달러 상당히 풍부…환율 큰 우려 없다""",Economic
"애경케미칼, 8% 상승…아라미드 소재 국산화 부각",Economic
500대 기업 직원 작년에 5000명 감소…SK하이닉스는 2159명 늘어,Economic
WON 두산그룹포커스 ETF 상장…원전·첨단로봇 등 투자,Economic
한국 역사상 초유의 사태 벌어지나...항공사들 연쇄 '셧다운' 우려 [지금이뉴스],Economic
“하이닉스보다 더 줄게”…‘업계 최고 대우’ 거절한 삼성 노조,Economic
"‘오천피’도 위태…코스피, 중동전쟁에 나흘째 하락세",Economic
"[석유화학 자산 리셋]효성화학, 납사 대신 '프로판' 호르무즈 무풍",Economic
"“전쟁도 버거운데 터보퀀트 악재까지”…외국인, 한달 새 삼전닉스 23조 던졌다",Economic
"한화, 美해군 차세대 군수지원함 사업 첫 참여",Economic
"환율 1,520원 돌파…코스피 장중 4%대 하락",Economic
"신현송 후보자 ""현 환율 큰 우려 없어…달러 유동성 양호""",Economic
"'음주 논란 후 두문불출' 신혜성, 논현동 건물 내놨다 [집코노미-핫!부동산]",Economic
“서울 전세 없어요”…하남·구리·김포 등 경기도行,Economic
“노량진 분양가로 반포 간다” 분상제 역설에 강남 청약 불붙나 [부동산360],Economic
신현송 “달러 유동성 양호…추경으로 중동 어려움 완화 필요”,Economic
"알루미늄 가격도 '한숨'…""2022년 이후 최고 수준""",Economic
"블랙스톤, 생명과학 투자 ‘라이프사이언스 6호 펀드’ 63억달러 규모 조성완료",Economic
시흥·안산 1.6만 가구 주거벨트 조성…'대방 엘리움 더 루체' 선착순 공급,Economic
"[현장]백종원, 더본코리아 주총서 ""올해 더 큰 도약""…공격적 M&A 공표",Economic
서울 이어 경기·충북·충남·제주까지 휘발유 1900원 돌파,Economic
[단독]내달 6일부터 공공부문 차량 2부제 시행 검토…24년 만에 부활,Economic
"'역대급' 반도체 28% 급증, 2월 산업 생산 2.5%↑…중동 사태 미반영(종합)",Economic
"DL이앤씨, 4000억원 규모 코리안리 신사옥 건설 우선협 선정",Economic
2월 산업생산 5년8개월 만에 최대 증가…'중동 반영' 4월부터 본격(종합2보),Economic
"신현송, 첫 출근길 ""중동 사태, 단기 최대 리스크…환율 레벨 자체엔 큰 의미 없어""",Economic
"청라 피크원 푸르지오, 주거형 오피스텔 분양 마감",Economic
반포 트리플 역세권…포스코이앤씨 '오티에르 반포' 출격,Economic
"삼성물산, 반포푸르지오 리모델링 우협 선정",Economic
"삼성전자, '14조 5800억 규모' 자사주 소각 결정…""주주가치 제고""",Economic
"젬백스, 손해배상소송 2심 일부 패소…바이오빌에 175억원 지급",Economic
"중동발 충격에 환율 1,530원 육박·코스피 5,100 하회",Economic
"대신운용, ‘월배당·절세’ DAISHIN343 오피스리츠플러스 ETF 상장",Economic
"프로게이머 '룰러' 박재혁, 세금 회피 의혹…""심려 끼쳐 죄송""",Economic
"빗썸, 이재원 대표이사 체제 유지",Economic
우리 동네 '공무원 인건비' 적절하게 늘었을까 [추적+],Economic
"바스프, 중국에 초대형 화학기지 완공…글로벌 공급망 재편 가속",Economic
"인항회 ""공항 공기업 통합, 인천공항 경쟁력 약화 초래""... 정부에 재검토 촉구",Economic
"전쟁 장기화에 생산 차질 우려…현대차, 시총 4위로 하락",Economic
"금값, 언제 다시 오를까 [시장 엿보기]",Economic
"이젠 로봇도 렌탈?…코웨이, 미래 먹거리 선점",Economic
‘30년 KT맨’ 박윤영 호 공식 출범…고강도 인적 쇄신·AI 정면돌파,Economic
알루미늄 가격 4년 만에 최고치…남선·조일·삼아알미늄 급등 [줍줍 리포트],Economic
"한화디펜스·필리조선소, 美 해군 첫 수주⋯차세대 군수지원함 설계 참여",Economic
"""3월 월급도 절반만"" 벼랑 끝 홈플...'익스프레스' 분리매각 성공할까",Economic
"“붉은사막, 30시간 직접 해봤다” 해보니까 달라?…목표주가 대폭 상향한 연구원 [투자360]",Economic
"신현송 ""환율 큰 우려 없어…매·비둘기 이분법 바람직하지 않아"" [심성미의 BOK 워치]",Economic
"李대통령 ""수급 불안 과감 대응…긴급재정명령 활용할 수도""",Economic
"한국경제TV 안인기, <원펀치 투자법> “지수보다 강한 종목이 기회다”",Economic
"TKG태광, TKG애강 공개매수 실시…상장폐지 추진",Economic
“영어로 하시죠” 바빠서 모국어 못배웠다는 CEO…결국 잘렸다,Economic
"[주총 포커스]빗썸 주주들, 이재원 연임 찬성…악재 수습·책임경영 방점",Economic
"'첫 출근' 신현송 ""환율 높지만 큰 우려 없어…달러 유동성 양호""",Economic
"대성하이텍, AI 데이터센터 냉각부품 생산 장비 102대 수주",Economic
"""무조건 벼텨, 나가면 길바닥이야""...전세대란에 눌러앉는 세입자들, 강남은 55%",Economic
"삼현, 이라크 수출용 '천궁-Ⅱ' 구동 모듈 수주",Economic
[하우머니] 구글 ‘터보퀀트’ 충격…한국 반도체 득될까 실될까,Economic
"'경제 전시 상황' 선포한 이재명 정부, 26조 추경안으로 정면돌파",Economic
서울시민 2명 중 1명 세입자…'13만 공공주택' 짓는다,Economic
"코스피 5100선 붕괴, 환율 1528원…중동전쟁에 금융 비명",Economic
"""환율 쇼크 현실화""…1520원 돌파에 외인 '엑소더스', 코스피 하방 압력 확대",Economic
"환헤지부터 헤지펀드까지…증권사, 투자 라인업 확대",Economic
“남는 게 없어요” 올해만 치킨·호프집 857곳 문닫았다 [언박싱],Economic
"K배터리 3사 총출동…SNE리서치, 글로벌 배터리 컨퍼런스 개최",Economic
"삼성전자, 14조 5806억원 규모 자사주 소각 결정",Economic
'악성 미분양' 3만가구 돌파…지방 주택시장 경고등,Economic
"전쟁 장기화에 공급망 우려…현대차, 시총 4위로 하락",Economic
"이란 전쟁에 환율 1,530원 육박에도…한은총재 후보자 ""큰 우려 없어""",Economic
"코스피, 5000선마저 무너지나…외국인·기관 매도세 이어저",Economic
"LS에코에너지, 비중국 최초 방산용 희토류 금속 연내 양산",Economic
"우리자산운용, 두산그룹포커스 ETF 상장",Economic
증시 불장에 몸값 높아진 ‘이곳’…‘경쟁 과열’ 백화점·마트는 브랜드 가치↓,Economic
"[단독] '실패한 유니콘' 리디, 일본 거래소 러브콜 받았다 [넘버스]",Economic
"""반도체 쇼크 덮쳤다""…'16만전자·80만닉스'까지 추락",Economic
전세의 월세화 빨라진다…서울 월세 비중 70% 돌파,Economic
중동 전쟁에 증시 '비명'…3월 한달 간 시총 840조 증발,Economic
"코스닥 시총 1위 올랐던 삼천당제약, 27% 급락해 '황제주' 반납",Economic
"이차전지 ETF, 증시 파란불 뚫고 반등…ESS 모멘텀 수혜(종합)",Economic
"삼성SDI, 합작사 스타플러스 대여금 연장…환율 상승에 1.6조 확대",Economic
“이제 5000선도 위태롭다” 5100 깨진 코스피…외국인 ‘셀 코리아’에 4거래일 연속 하락 [투자360],Economic
"코스피, 외국인 순매도에 장중 2%대 하락",Economic
'반도체 급등' 2월 산업 생산 2.5%↑…5년 8개월 만에 최대(종합2보),Economic
부자 아빠 “전쟁 안 끝날 것…주식·채권 멀리해야”,Economic
"신현송 한은 총재 후보 ""환율 레벨 큰 의미 없어...달러 유동성 양호""",Economic
중동전쟁 '코스피에 직격탄'…5000피 붕괴 우려,Economic
"삼천당제약, 26%↓…호재 발표 후 차익실현 매물",Economic
美휘발유 평균가 갤런당 4달러 넘었다…2022년 8월 후 최고,Economic
"'코스닥 1위' 삼천당제약, 23% 급락에 황제주 반납",Economic
"서울시민 절반이 임차세대...오세훈 ""공공주택 공급, 전월세 대출지원""",Economic
미국 반도체 한파 직격탄…한때 '17만전자' 붕괴,Economic
"치솟는 국제유가, 천장 뚫은 원·달러 환율에도 상승하는 게임株",Economic
"국토부 ""테슬라 FSD 무단 활성화는 불법…2년 이하 징역""",Economic
"삼성물산, 반포푸르지오 리모델링 우선협상대상자 선정…“넥스트 리모델링 사업 본격화”",Economic
"롯데, ‘기술 체질’로 방향 틀었다…성장 공식 자체 바꾼다",Economic
‘포장재 대란’ 직격탄 맞은 소상공인들 “4월이 더 문제”,Economic
"[토크ON] ② 정부의 ‘자본시장 체질 개선 방안 2단계’, 실효성은?",Economic
"삼현, 이라크향 '천궁-Ⅱ' 핵심 구동 모듈 수주",Economic
[속보]환율 1528원 터치…한은총재 후보 “큰 우려 없어”,Economic
"현대차, 시총 4위로 한 단계 하락…전쟁 따른 생산 차질 우려 탓",Economic
네이버파이낸셜·두나무 합병 연기,Economic
“계약금 20% 내면 내집”…바로내집 등 공공주택 13만호 공급,Economic
9년째 행정지도로 막힌 해외 코인 투자… 국민연금은 오히려 늘려,Economic
"‘경영권 매각 불발’ NHN벅스, 다시 매물로 나올까… “관심 보이는 상장사는 있어”",Economic
"서울시, ‘바로내집’ 등 공공주택 13만호 공급…무주택 주거안정 5년간 30조 쓴다",Economic
청년·신혼 이어 '중장년층'도 월세 지원…'목돈마련 매칭통장' 도입,Economic
"‘안심전세’ 무이자 대출, 보증금의 40%로 확대…중장년층도 지원 대상으로",Economic
“‘삼전닉스’ 왜 샀을까” 한 달 만에 370조 증발…중동전쟁·구글 쇼크에 개미들 ‘패닉’,Economic
공공주택 13만호·20년간 잔금상환 '바로내집' 공급…서울시 무주택 시민 지원,Economic
[비즈톡톡] 잘 나가던 한강 유람선… 좌초 사고에 이랜드그룹 이크루즈 실적 ‘촉각’,Economic
신현송 한은 총재 후보자 첫 발언에…환율·금리 소폭 하락,Economic
"20%만 내고 나머지는 20년간 갚으세요…서울시, 바로내집 등 주거안정대책 발표",Economic
"서울시, 마포·강서·노원서 ‘반값 아파트’ 토지임대부 6천 가구 공급",Economic
"'R&D 5조' 현대차, 고속도로 '주행보조 플러스' 상용화하나",Economic
"신현송 ""현 환율 큰 우려 없어… 매파·비둘기파 이분법 바람직 않아""",Economic
"하나자산운용, 국내 최초 은현물 추종 ETF 출시",Economic
"‘뉴노멀’ 1500대 환율부터 ‘쓰봉 대란’, 트럼프 의혹까지 [영상]",Economic
"""분양가 20%만 내면 집 산다""…서울시 '바로내집' 도입",Economic
"서울시 ""초기 자금부담 낮춘 '바로내집' 2031년까지 6500가구 공급""",Economic
"마스오토, 美 대륙 3379㎞ 횡단…'세계 최장' 자율주행 화물 운송 성공",Economic
"전세난에 '금융 지원' 확대…서울시, 보증금 40% 무이자 대출",Economic
"""공공주택 13만가구·전월세 무이자 대출 확대""…서울시, 주거안정대책 발표",Economic
중동 불안에 코스피 급락...장중 5100 무너져,Economic
“점장이 발주 실수…못 팔면 큰일나” 알고보니 만우절 이벤트,Economic
"“말 한마디면 척척”…삼성 AI 가전, 맥락 이해하는 ‘빅스비’ 적용",Economic
"반도체 생산, 38년만에 대기록 세웠는데 하필 전쟁…충격파 덮쳐온다",Economic
"삼성전자, 14조5800억 규모 자사주 소각 결정",Economic
"한화필리조선소, 美 해군 사업 첫 수주…차세대 군수지원함 개념설계 참여",Economic
"롯데, 핵심 기술·인프라 경쟁력 강화...‘질적 성장’ 가속",Economic
항공화물 덮친 유가 상승 도미노…유류할증료 ‘4배’ 폭등하나,Economic
"대한조선, 수에즈막스급 원유운반선 2척 추가 수주… 창사 이래 최고 선가",Economic
신현송 한은 총재 후보자 “현재 환율 큰 우려 없어”,Economic
해상운임 상승세 지속…韓 가전·TV 수익성 악화 우려 고조,Economic
"LS에코에너지, 非중국 기업 최초 방산용 희토류 연내 양산",Economic
"알루미늄주 상한가, 남선알미늄 29%↑…중동 공급 차질 우려",Economic
"“지어도 안 팔린다”… 악성 미분양 3만, 지방부터 무너지는 집값",Economic
중동 알루미늄 공급 비상…삼아·남선알미늄 신고가 [매경 자이앤트],Economic
[속보] 삼성전자 4.5%·SK하이닉스 7.1%↓…미국발 반도체 한파 여파,Economic
수도권 전월세난 속 주거 안정성 높은 ‘힐스테이트 안양펠루스’ 4월 분양,Economic
"삼성물산, 반포푸르지오서 '넥스트 리모델링' 첫선",Economic
반도체·전기차에 2월 생산·투자 급등…'중동 반영' 3월부터(종합),Economic
월가 큰손 “저점 매수기회”라는데…코인주 올들어 최악 약세,Economic
[속보] 신현송 “현 환율 큰 우려 없어…달러 유동성 양호”,Economic
"[주총 포커스] 두나무 오경석 ""네이버 딜 절차로 지연""…상장 재확인",Economic
"[뉴스1 PICK]코스피, 중동전쟁으로 5,100선 붕괴",Economic
"[단독]DL이앤씨, '도심 랜드마크' 코리안리 신사옥 짓는다",Economic
'강남 첫 오티에르' 오티에르 반포 사이버 견본주택 개관,Economic
'중동 리스크'에 동남아 상장기업 시총 한달 새 10% 증발,Economic
케이뱅크 IPO에 주식발행 3배 급증…회사채는 두 달째 순상환,Economic
"“고점 왔나”…20% 급락한 삼천당제약, 황제주 반납 [이런국장 저런주식]",Economic
"코스피, 전쟁 이후 장중 최저치…원·달러 환율 1520원대 위협",Economic
"대신자산운용, '월배당·절세' 대신343 오피스리츠플러스 ETF 상장",Economic
"평택 부동산 시장, 삼성·AMD AI 반도체 협력 확대에 신축 단지 회복 기대",Economic
고유가·고환율에 짓눌린 항공주…티웨이항공 16%↓,Economic
"날마다 20원씩 널뛴 환율, 전문가들 “추경 등 국내 정책도 환율 악재” 경고",Economic
"KAI, 차세대중형위성 2호에 국민 소원 담는다…대국민 이벤트",Economic
"국민연금, LG화학 주총서 팰리서 주주제안 '줄반대'",Economic
다음달 3억6300만주 풀린다…코스닥 46곳 '오버행' 주의보,Economic
"日증시, 하락 출발…유가 급등·반도체 약세 '이중 악재'",Economic
"국토부 ""테슬라 FSD 무단 활성화, 불법…車관리법 위반""",Economic
"LS에코에너지, ‘방산용 희토류’ 양산 체제 구축…中 기업 외 최초",Economic
"“핵심 원료 국산화 시동”…애경케미칼 TPC, 공급망 재편 신호탄",Economic
"삼성물산, ‘넥스트 리모델링’ 반포푸르지오 첫 적용",Economic
"시노펙스, KOREA CHEM 전시서 '제약·바이오 산업용 필터' 선보여",Economic
국제유가 100달러 넘어서자…항공주 일제히 하락,Economic
삼전·하이닉스 '급락'…코스피 5000선까지 밀려,Economic
"우리자산운용, 두산그룹 포커스 ETF 신규 상장",Economic
'반도체 쇼크' 코스피 5100선 붕괴…삼성전자·SK하이닉스 낙폭 확대,Economic
"“최애 음료가 돌아왔다”...스타벅스, ‘차이 티 라떼’ 깜짝 재출시",Economic
신현송 한은 총재 후보자 “한국 경제 가장 큰 리스크는 중동 사태”,Economic
"[현장영상+] ""한국 경제 가장 큰 리스크, 단기적으로 중동 사태""",Economic
울산·여수 2호 산단 석유화학 재편 '삐걱'…기업 간 이견에 발목,Economic
"미래에셋, 'TIGER 기술이전바이오액티브 ETF' 순자산 1천억 돌파",Economic
"코스피, 장 초반 2%대로 하락 5130대까지 밀려…코스닥도↓",Economic
메모리값 상승세 둔화 우려에…삼전·하이닉스 동반 급락,Economic
"'조선 중심지' 경남도, 2030년 글로벌 함정 MRO 시장 선점한다",Economic
중동 알루미늄 공장 피격에 치솟은 가격…남선알미늄 '上',Economic
치솟는 ‘원-달러 환율’ 1520원도 넘어가…금융위기 이후 최고치,Economic
전쟁 장기화에 경기 둔화 우려…달러·원 1528원까지 치솟아,Economic
"‘급속 냉각 기술’ 리센스메디컬, 코스닥 입성 첫날 200% 뛰었다 [줍줍 리포트]",Economic
주가 쭉쭉 빠지는데… ‘SK하이닉스’ 더 사라는 증권가,Economic
“분양가 상한제보다 싸다” 파격 금융혜택 앞세운 ‘사우역지엔하임’,Economic
美·이란 확전 우려에 코스피 3%대 하락…5100선 붕괴,Economic
"""항공권, 오늘 발권해야 싸다""…4월 유류할증료 최대 3배",Economic
결국 ‘17만전자’도 깨졌다…美 반도체 한파에 삼성전자·하이닉스 동반 급락 [종목Pick],Economic
"두나무, 지분 규제 영향에도…""네이버파이낸셜 주식교환, 원안 추진""",Economic
"""방산용 희토류 찍는다""...LS에코에너지, 연내 양산 돌입",Economic
"삼성전자, '터보퀀트 우려'에도 증권가 낙관론... 금일 주가는 하락 [주가동향]",Economic
강남 접근성이 청약 성패 가른다… 상반기 주목해볼 만한 ‘영통역 우미 린’,Economic
나프타 대란에 건설 현장도 '직격탄'...레미콘·페인트 수급 우려,Economic
"한화, 필리조선소 인수 이후 첫 美 해군 프로젝트 참여",Economic
삼천당제약 25% 급락…90만원대 붕괴,Economic
"금융위기 이후 17년만에…원·달러 환율, 장중 1520원 뚫었다(상보)",Economic
"세닉스바이오테크, 125억원 투자유치…""나노자임 신약개발 가속""",Economic
"KAI ""위성에 꿈 실어 우주로""... 메시지 전송 이벤트",Economic
"기아 EV9, 북미·유럽서 수상 휩쓸어…美·英·獨·캐나다서 호평",Economic
"2차 석유 최고가격제 닷새째...서울 휘발유 1,941원",Economic
"삼성전자, 자사주 14조 소각에도…‘터보퀀트’ 후폭풍에 주가 뚝",Economic
"“IPO는 2028년 이후로”…빗썸 이재원 대표 연임, 배당 요구엔 ‘신중’",Economic
알루미늄株 급등…중동 생산 공장 타격 여진,Economic
중동 긴장에 기름값 '들썩'…전국 휘발유 1천900원 재돌파 눈앞,Economic
[서울데이터랩]‘리센스메디컬’ 238.18% 폭등…실시간 상승률 1위,Economic
[서울데이터랩]‘애경케미칼’ 21.46% 폭등…실시간 상승률 1위,Economic
“다 지었는데 찾는 사람이 없어요”…‘불 꺼진 준공 아파트’ 3만 가구 돌파,Economic
[서울데이터랩]개장 직후 인기 검색 종목 20選,Economic
"미래에셋 ‘TIGER 기술이전바이오액티브 ETF’, 순자산 1000억 돌파",Economic
외국인 50조 팔고 고유가까지…'1500원대'에 갇힌 환율,Economic
“당분간 포장비 500원도 받을게요”…나프타 대란에 식당도 소비자도 ‘울상’,Economic
반도체 호황에 2월 산업생산 2.5%↑…5년8개월만에 최대폭(종합),Economic
"""보이는 대로 집어가더라"" 전쟁 장기화 조짐에 다이소도 난리…품절대란 난 '이것' 정체",Economic
'5년 연속 배당 기업' 담는다더니…'상장 3년차' 담은 ETF [수상한액티브②],Economic
"'인스타 스토리 몰래보고 노출시간 연장'…메타, 인스타그램 유료 서비스 시범 운영",Economic
"한화, 美 해군 차세대 군수지원함 설계 참여…'필리조선소' 인수 후 첫 수주",Economic
“우리 집 좀 제발 팔아주세요”…6억이나 떨어졌는데도 아무도 안 산다,Economic
"“하루에만 수백조 왔다갔다, 잠도 못잔다” 시총 840조원 증발…중동 사태를 어쩌나",Economic
`1경8300조원` 美퇴직연금 빗장 풀린다…가상자산 편입 허용,Economic
CATL의 역대급 영업이익률이 말해주는 것 [중국과 글로벌 투자],Economic
“이러다 5천피도 위태”…코스피 4%대 급락 5100선 붕괴,Economic
"김정관 ""'상도' 임상옥 떠올렸다…신뢰 저버린 주유소 결단 촉구"" (종합)",Economic
"코스피, 중동 불안 지속에 4% 급락해 5,000대…코스닥도 3% 하락(종합)",Economic
"하나운용, ‘1Q 은액티브 ETF’ 신규 상장…업계 최초",Economic
호르무즈 해협 봉쇄에 재생에너지 부상…SK이터닉스 '급등',Economic
"서울 전세 거래, 82개월만 최저...경기도로 쏠리는 눈",Economic
"“어? 또 오르네?”...‘17% 폭락’ 요동치는 금값, 사야 하나 말아야 하나",Economic
"“코스닥 핵심”…TIGER 기술이전바이오액티브, 순자산 1000억 돌파",Economic
"“AI 병목 해결사 ‘광통신’에 투자” 삼성운용, ‘KODEX 미국AI광통신네트워크’ ETF 신규 상장",Economic
"헥토파이낸셜, '관광객 선불 결제 사업' 진출",Economic
"대성산업, 제 16기 정기주주총회 개최 “저평가된 기업가치 해소할 것”",Economic
'악성 미분양' 14년 만에 3만 가구 넘어…86.3%가 지방,Economic
코스피 5100선 붕괴 나흘째 하락…삼전도 '17만전자' 붕괴,Economic
"[단독] 성수3지구, 삼성물산 무혈 입성하나…1·3지구 ‘단독’ 2·4지구 ‘경쟁’ 구도 가닥",Economic
평행선 달리는 삼성 노사…'영업익 10% 연동'의 득실,Economic
"삼성 AI 가전, 업그레이드 '빅스비' 적용 …""퍼블렉시티 지원""",Economic
"한화디펜스-필리조선소, 미 해군 첫 수주…군수지원함 설계",Economic
서울 중소형 아파트 평균 매매가 15억 첫 돌파,Economic
코스피 한 달만에 6300→5000…중동 전쟁·터보퀀트 쇼크 [이런국장 저런주식],Economic
"대한조선, 1분기만에 연간 수주 목표 달성",Economic
"""석화 위기 오면 한국 제조업 전반이 무너진다""",Economic
원/달러 환율 장중 1520원 돌파…금융위기 후 최고,Economic
"유가 급등·미 반도체 급락에 코스피 하락 출발…""장중 낙폭 축소 기대""",Economic
공항운영사 통합 검토?… 세계 3위 ‘인천공항’ 뒤처질 우려[전문가 시선],Economic
"코스피, 뉴욕 반도체 급락 여파로 3.07% 하락…5100선 머물러",Economic
"삼성전자, 15조원 규모 자사주 소각 결정",Economic
"한화, 美 해군 차세대 군수지원함 설계 수주… 필리조선소 인수 후 첫 성과",Economic
"[속보] 코스피, 5100선도 무너져…원달러 환율 1530원 돌파",Economic
반도체 랠리 덮친 전쟁의 불길… 4월 실적·美 금리기조가 운명 가른다[박석현의 미장 돋보기],Economic
코스피 2%대 하락… 삼성전자 17만·SK하이닉스 82만원대 간신히 턱걸이,Economic
"셀트리온, 브라질서 '옴리클로' 론칭 행사…중남미 공략 '속도'",Economic
[속보]코스피 3%대 급락 5100선 붕괴…환율 1519.9원 개장 ‘연중 최고’,Economic
"“청소 조용히 해”도 알아 듣는다…삼성, AI 가전에 더 똑똑해진 ‘빅스비’ 적용",Economic
5월부터 양도세율 최대 75%… 매물잠김땐 1주택 보유세도 ‘손질 예고’[10문10답],Economic
"원·달러 환율, 장 초 1520원대 돌파…연일 레벨 최고치 경신",Economic
미국 반도체 급락·유가 급등...삼전닉스 '휘청' 코스피 5000대 후퇴,Economic
"삼성전자, 17만원도 깨졌다…SK하이닉스 7.22%↓ [핫종목]",Economic
"한화·필리조선소, 美해군 첫 수주…마스가 청신호",Economic
"포스코 창립 58주년…장인화 회장 ""불굴의 의지로 위기 돌파""",Economic
"삼성전자 AI 가전, 더 똑똑해진다…‘진화한 빅스비’ 탑재",Economic
바이오가 대세…‘TIGER 기술이전바이오액티브’ 순자산 1000억 돌파,Economic
삼전·하이닉스 급락에 코스피 5000선까지 밀려…원·달러 환율 1519원,Economic
코스피·코스닥 하락 출발…삼전·하닉·삼천당 줄줄이 약세,Economic
[속보] 2월 산업생산 2.5% 증가…5년 8개월 만에 최대 폭,Economic
연어 이어 철갑상어에서도 추출…K뷰티 이끄는 '고농축 재생 성분' PDRN,Economic
"반도체, 역대급 호황인데…중동 전쟁 '복병'",Economic
"""삼전닉스, 일단 버텨""…마이크론 10% 폭락에 낙관론 덮은 '불안'",Economic
포카리보다 많이 팔렸다...두 달 만에 250만개 불티난 ‘이 음료’ 후속작은,Economic
"이재홍 대표, 한신평 1등 올려놓고 11년 만에 퇴임",Economic
"LS에코에너지, 올해 비중국 최초 '방산용' 희토류 금속 양산",Economic
"한화, 美 해군 차세대 군수지원함 설계 참여...HD현대는 탈락",Economic
"한국타이어, 미쉐린·피렐리 제치고 유럽서 '고성능 1위'",Economic
"코스피, 글로벌 반도체 업황 위축 우려에 5140선 약세 출발…SK하닉 6%↓",Economic
"중동 리스크 다시 고개…코스피, 5130선 후퇴",Economic
불황에 짐 싸는 대기업들…통신·석화 인력 구조조정 '칼바람',Economic
'1억 이상 할인' 현수막까지…지방 악성 미분양 14년래 최대,Economic
"환율, 유가 상승·달러 강세에 이틀째 장중 1,520원대",Economic
급락 후 반등 시도하는 금값…중동 변수에 '롤러코스터' 장세,Economic
"""로봇 둘 공간이 없어요""...비좁은 연구실에 갇힌 K-로봇의 꿈",Economic
"""중동 상황 악화시 5부제보다 더한 조치…4~5월 비축유 방출""",Economic
고려아연 최윤범 측 집중투표제 표 배분 전략 일단 승리했지만⋯,Economic
알루미늄 가격도 급등…UAE·바레인 제조업체 피격 후폭풍,Economic
"모태펀드, 1934억 '경북-포스코 펀드' GP에 키움인베 등 4곳 확정",Economic
"서울아파트 다섯 채 이상 임대업자 탈탈 턴다…국세청까지 ""집 팔아라"" 총력전",Economic
"미래에셋운용 'TIGER 기술이전바이오액티브 ETF', 순자산 1000억 돌파",Economic
"한화, 美 해군 차세대 군수지원함 사업 참여한다",Economic
지난달 ‘악성 미분양’ 3만1307가구…14년 만에 3만 가구 돌파,Economic
"TKG태광, TKG애강 상폐용 공개매수 실시",Economic
"코스피, 종전 협상 불확실에 장 초반 5100선 후퇴…삼전·SK하닉 '급락'",Economic
"삼성전자, 지난해 취득한 14조5806억원 규모 자사주 다음달 2일 소각",Economic
"우리운용, 두산그룹포커스 ETF 상장…원전·로봇·반도체 등 핵심 밸류체인 총망라",Economic
반도체 '투톱' 급락…삼전 3%·SK하닉 5%↓[핫스탁],Economic
"원·달러 환율, 4.2원 오른 1519.9원 출발",Economic
"터보퀀트, 오히려 기회라는데…""반도체주 녹는다"" 삼전·SK하닉 '뚝'",Economic
"마이런 美 연준 이사, 이란전쟁 변동성 불구 금리 인하 해야",Economic
"셀트리온, 브라질서 옴리클로 론칭...중남미 공략 속도",Economic
"“여보, 우리 큰일났어”…14억 아파트 ‘11억’에 물려받은 부부에게 무슨 일이",Economic
"""놀이공원 무료"" ""버거 47% 할인""…만우절 '역대급 혜택' 어디?",Economic
"유티아이, UTG 양산 가시화… 유리기판 사업 확장 기대감 부각",Economic
"[유상증자 모니터] 유일에너테크, 142억 조달 추진…지분 희석 감내",Economic
종전 기대·확전 우려에 3대 지수 혼조 마감 [뉴욕증시],Economic
"""초고속 AI 위한 마지막 퍼즐""…삼성 KODEX 미국AI광통신네트워크 상장",Economic
"LS에코에너지, ‘방산용’ 희토류 금속 연내 양산한다",Economic
"포장재 대란에 소상공인 '시름'…""4월이 더 문제""(종합)",Economic
"삼성물산, '넥스트 리모델링' 본격화…첫 타자 '반포푸르지오'",Economic
"세계국채지수 편입으로 밀려온 80조원, “주식 대신 채권 좀 사볼까?”",Economic
산업생산 5년 8개월 만에 최대 증가…투자도 '활활'(상보),Economic
[친절한 경제] 예비부부 숨 돌리나 했더니…결혼비 다시 2천만 원 돌파,Economic
"갤럭시아머니트리, 전국 세븐일레븐에 쿠팡 실물 기프트카드 공급",Economic
“빚 갚아주다 곳간 비나” 중기 대신 갚은 돈 2639억,Economic
"기아 EV9, 볼보 제쳤다…북미·유럽서 어워즈 '싹쓸이'",Economic
은행 자본비율 소폭 하락…배당 확대·환율 영향,Economic
"우리자산운용, 두산그룹포커스 ETF 상장…원전·로봇·반도체 총망라",Economic
"국내 최초 은현물 ETF 나왔다…하나운용, '1Q 은액티브' 신규 상장",Economic
중동전쟁 한 달…코스피·코스닥서 840조원 증발,Economic
"""차라리 경기도 집 사자""…서울 전세난에 '탈서울' 행렬 [돈앤톡]",Economic
"HMM 본사, 서울에서 부산으로…노조 총파업 예고",Economic
"KB증권 ""SK하이닉스, 중동 불안은 비중 확대 기회…목표가 유지""",Economic
"원·달러 환율, 4.2원 오른 1519.9원 개장",Economic
"원·달러 환율 17년 반만에 1520원 넘겨, 코스피 4% 급락해 5100선 내줘",Economic
"삼성전자, 다음달 2일 '14.6조 규모 자사주' 소각",Economic
"현대기술투자, CB 또 태웠다…적자 '만월경'에 수혈한 배경은",Economic
"한국앤컴퍼니, 김준현 각자대표 선임…전문경영인 체제",Economic
[대교 글로벌 기로]③ 남은 곳들도 줄줄이 손실…해외 전략 '미궁',Economic
금과 원화의 동반 추락…한국이 타격 1순위인 이유 [스프],Economic
"통신·석화 줄고 조선·바이오 늘고…대기업 직원수, 업종별 희비",Economic
'반도체의 힘' 2월 생산·건설 모두 살렸다..역대 최고치 경신,Economic
'악성 미분양' 3만 가구 넘어서…14년 만에 최대,Economic
"하나증권 ""크래프톤, PUBG 트래픽 반등…구조적 성장기 진입""",Economic
"포스코이앤씨, ‘더샵 관저아르테’ 4월 분양 예정",Economic
서울 광진구 한강벨트 새 단지 ‘광진 벨라듀’ 공급 중,Economic
청약 가점 만점도 탈락? 차라리 선착순 분양으로… ‘엘리프 한신더휴 수원’ 분양중,Economic
“합의 안되면 이란 모든 유정 초토화”…국제유가 100달러 돌파 ‘초비상’,Economic
"사재기 조짐에 진화 나선 정부 ""쓰레기봉투 부족하면 일반 봉투도 허용""",Economic
이란전쟁 한달 만에 시총 840조원 증발…코스피 '12% 폭락',Economic
"리서치알음 ""한국주강, 동전주 퇴출이 재평가 기회…목표가 3500원""",Economic
"LS에코에너지, 연내 '방산용' 희토류 금속 양산 나선다",Economic
'악성 미분양' 3만가구 넘었다…14년 만에 최대치,Economic
"삼성전자, 자사주 14조5800억 규모 소각 결정…“주주가치 제고”",Economic
"한국證 “롯데쇼핑, 내수 회복·외국인 매출 증가에 성장 기대…목표가 12만원”",Economic
"“SK가스, 원자재 공급망 불안…1분기 영업익, 전망치 상회”",Economic
"유안타證 ""종근당, 심방세동 치료제 'CKD-510' 가치 반영…목표가↑""",Economic
"제주항공, 1~2월 수송객수 'LCC 1위'…회복탄력성 입증",Economic
"삼성물산, 반포푸르지오 리모델링 우선협 선정…래미안 재탄생",Economic
"셀트리온, '옴리클로' 브라질 출시 행사 개최…중남미 시장 공략 본격화",Economic
"반도체 28% 급증…2월 산업생산 2.5%↑, 5년8개월만에 최대폭(종합)",Economic
AI 시대 '원천 IP' 가치 재조명…'PLUS 글로벌저작권핵심기업액티브' 상장,Economic
"지난해 국내은행 BIS 자본비율, 배당 확대·고환율에 소폭 하락",Economic
삼성운용 ‘KODEX 미국AI광통신네트워크’ 신규 상장,Economic
"리벨리온, 6400억 규모 프리IPO 성공…기업가치 3.4조",Economic
‘악성 미분양’ 3만 가구 넘어…14년 만 최대,Economic
[단독] 지난해 서울 아파트 '이상거래' 2배 늘었다...절반은 '편법 증여',Economic
대기업 직원 1년새 5000명↓…통신·유통·석화 구조조정 주도,Economic
산업장관 “기름값 꼼수 인상 ‘무관용’…상황 악화시 차량 5부제보다 더한 조치 가능”,Economic
17년만에 천정뚫린 환율…외인 순매도·고유가가 관건 [오늘 나온 보고서],Economic
“위스키 마실 건데 얼음 좀 만들어줘”…더 똑똑해진 삼성 가전,Economic
"""소문이 사실?"" 美 국방장관, 전쟁 전 방산주 선행매매 의혹",Economic
"“하이닉스, 오늘이 바겐세일 기회”…목표가 170만원 부른 이유가 [오늘 나온 보고서]",Economic
"""비에이치, 폴더블 아이폰 출시로 실적 성장 기대…목표가↑""-KB",Economic
"[아침밥] 유안타증권 ""종근당 심방세동 신약으로 중장기 성장 기대""",Economic
"“반도체·자동차도 생산 차질”… 중동 전쟁, 제조업 전방위 강타 우려",Economic
"한화, 美 차세대 군수함 개발 참여…‘마스가’ 이후 처음",Economic
대형원전 2기 ‘울주-영덕’·SMR은 ‘기장-경주’ 유치 신청…6월 말께 최종 선정,Economic
‘악성 미분양’ 14년 만에 3만채 넘어…86% 지방에,Economic
"""LG에너지솔루션, ESS가 전사 증익 견인""-신영",Economic
후티 참전에 국제유가 100달러 돌파…국내 휘발유 1900원 눈앞,Economic
"삼성전자, 14조5000억 규모 자사주 소각 결정…“주주가치 제고 목적”",Economic
"삼성전자, 14조원어치 자사주 소각",Economic
"""지금 나가면 집 못 구한다""…세입자 '발동동'",Economic
"거래대금 식고 예탁금 빠지고…코스피, 버블 경고한 ‘민스키 모델’ 따라가나",Economic
"KB證 “SK하이닉스, 중동·터보퀀트 불안에도 이익 성장 이어질 것…비중확대 기회""",Economic
"삼성전자, 14조 5,806억원 규모 자사주 소각 결정",Economic
"롯데, '질적 성장' 가속…친환경 에너지·AI·바이오 성장 기반 강화",Economic
"DS투자 ""미국발 LNG선 수요 급증에 보냉제 기업 실적개선 기대""",Economic
"“전쟁 한방에 840조 증발, 이게 끝이 아닐수도”…삼전닉스 시총은 372조↓",Economic
"2월 서울 아파트 전세 거래량, 6년 10개월 만에 최저",Economic
"“SK텔레콤, 배당금 정상화 기대감 탄력적 반등 기대”",Economic
“삼전 팔고 ‘이것’ 샀다”…코스피서 30조 던진 외국인이 ‘우르르’ 몰려간 4종목,Economic
"키움證 “우신시스템, 자동화 부문 실적 부진… 목표가 하향”",Economic
국가 AI데이터센터 중심…‘첨단3지구’ 대한민국 AI수도 부각,Economic
"골드만삭스 ""비트코인, 저점 근접""…거래량 회복 시 반등 신호",Economic
"[굿모닝경제] 국중박 유료화? / 절반 이상이 모바일로 카드 결제 / 결혼식, 식대·대관료가 비싸",Economic
"국세청, 임대업자 세무조사 착수",Economic
산업장관 “5부제 더한 조치도 가능…나프타 플랜 A·B·C 준비”,Economic
"""삼양식품, 1분기 영업익 기대치 웃돌듯""-키움",Economic
"반도체 생산, 38년 만에 최대 증가…생산·투자↑, 소비는 제자리(2보)",Economic
"삼성전자, 작년 취득한 14조5806억원 규모 자사주 내달 2일 소각 시행",Economic
"“여기도 전세 없대, 이 돈으로 하남 사자” 서울 전세 거래 7년 만 최저[부동산360]",Economic
"5대 금융지주·은행권, 중동 위기에 피해기업 53조+α 푼다",Economic
"“60년 공식 깨졌다”…코웨이, 시몬스·에이스 제치고 침대 1위",Economic
한국 탈출 아니다?…삼전닉스·현기차 32조 던진 외국인 속내 [분석+],Economic
"""롯데쇼핑, 1분기 어닝서프라이즈 전망…목표가↑""-한투",Economic
"유안타증권 ""종근당, 심방세동 신약 기대…목표가 상향""",Economic
"""앱도 안 켠다""…전쟁 장기화 조짐에 개미들 투자심리 '냉각'",Economic
두나무 “네이버파이낸셜 합병 직후 IPO 직행…반대매수 자금 충분”,Economic
"다올證 “LG이노텍, 기판 성장 감안하면 여전히 저평가 구간…목표가 13%↑”",Economic
‘춘래불사춘’ 중기 덮친 중동전쟁…유가·환율·물류비 ‘잔인한 4월’[중기+],Economic
"삼성전자, AI 가전에 '업그레이드' 빅스비 적용",Economic
"셀트리온, 브라질서 ‘옴리클로’ 론칭…중남미 공략 박차",Economic
"[아침밥] 키움증권 ""삼양식품 라면·원화 약세 통한 실적 개선 기대""",Economic
[어제장 오늘장] D램 가격 하락 조짐에 AI칩 쇼크…반도체주 향방은?,Economic
"마이크론 10% 폭락 ‘17만전자’ 위협…삼성전자, 14조 규모 자사주 소각 [이런국장 저런주식]",Economic
美 반도체 충격에…프리마켓서 '16만전자·82만닉스' 추락,Economic
"Today's Pick : ""없어서 못 판다""…방산 터진 RFHIC, 다음은 '반도체 쇼티지' [마켓PRO]",Economic
"한국타이어, 유럽 車 전문지 타이어 테스트서 최상위 성적 거둬",Economic
"헥토파이낸셜, 日 모리페이와 관광객 선불 결제 사업 진출",Economic
"삼성증권 ""OCI, 전 사업부 실적 동반 회복 기대…목표가 13만원""",Economic
"삼성證 ""OCI, 전 사업부 실적 동반 회복 기대""",Economic
"삼천당제약, 美세마글루타이드 ‘15조 매출’ 직접 제품 공급 계약",Economic
"[기업이슈] 이란, 주요 알루미늄 생산 시설 공격…알루미늄주 강세",Economic
"KB증권 ""비에이치, 폴더블 아이폰 출시 수혜…목표가↑""",Economic
“4월 증시 변동성 완화될 것…V자형 반등은 제한적”,Economic
"중동발 3高 리스크에 건전성 빨간불…금감원, 내달 은행권 '스트레스 테스트'",Economic
"미·이란 협상 기대에도 확전 공포…뉴욕증시, 다우 강보합·나스닥 하락",Economic
파월 금리 유지 발언에 가상자산 시장 소폭 상승...비트코인 6만6600달러,Economic
한화 '마스가' 첫 수주 성공…美 차세대 군수지원함 설계 참여,Economic
"“백화점이 살렸다”…롯데쇼핑, 1분기 ‘깜짝 실적’ 전망에 목표가↑",Economic
"‘영끌족’ 큰일났다...고액 주담대, ‘이자 폭탄’",Economic
"[오늘의 증시]유가급등에 美반도체 급락까지…코스피, 연이틀 급락 우려",Economic
"삼성전자, AI 가전에 '빅스비' 업그레이드…더 똑똑해졌다",Economic
'팔수록 손해' 서울 식당들의 비명… 1년 새 매출 ‘389억’ 증발,Economic
"모티브링크, 2700억 규모 현대모비스 'SX3' 플랫폼 수주",Economic
"""코스피 조정은 반도체 쏠림 완화...다음 주자는 원자력·바이오·금융""",Economic
'반도체 급등' 2월 산업 생산 2.5%↑…5년 8개월 만에 최대(상보),Economic
삼성·현대차·네이버 만나는 마크롱…'AI·원전' 빅딜 있을까,Economic
"네타냐후 ""전쟁 절반 이상 달성···이란 내부서 붕괴할 것""",Economic
"한화, 필리조선소 인수 후 첫 美 해군사업 수주",Economic
[단독]내년 최저임금 심의 시동…공익위원에 박귀천 이화여대 교수 제청,Economic
“위기일수록 뭉친다”…동국제강그룹 32년 연속 ‘무파업’ 대기록,Economic
"테슬라 넘은 BYD, 점유율·수익성 동반 추락…성장통인가 무리한 확장인가",Economic
"중동 확전이냐, 종전이냐…프리마켓은 2% 넘게 ‘뚝’ [이런국장 저런주식]",Economic
"터보퀀트 노이즈 잔존…美 반도체 급락에 SK하닉, 프리마켓서 5%대↓",Economic
보장성 상품판매 증가에...보험사 해약준비금 40%↑,Economic
중동 전쟁 한 달 만에 시총 840조 원 증발…'삼전닉스'만 372조 원↓,Economic
"OCI홀딩스, 미국 내 생산능력 확대…목표가 24.5만-삼성",Economic
"모티브링크, 현대모비스 차세대 전동화 플랫폼 프로젝트 수주",Economic
"LS전선, 작년 사상 최대 실적…AI·전력망 투자 수혜",Economic
"신한투자증권 ""한화엔진, 구조적 성장 진입…목표가 상향""",Economic
"스몰인사이트 ""아이엘, 피지컬AI 빅테크로 체급 전환""",Economic
"휘발윳값 2000원 눈앞…김정관 산업장관 ""불법 주유소 무관용 대응""",Economic
"[클릭 e종목]""OCI, 전 사업부 동반 회복 기대감…목표가 13만원""",Economic
"모티브링크, 현대모비스 ‘SX3’ 플랫폼 2700억 대규모 수주",Economic
"에코프로에이치엔, 대만 LNG발전소 선택적 촉매환원 설비 공급 계약…239억원 규모",Economic
"""반도체·유가 쇼크""…코스피, 오늘도 하락 출발 불가피 [오늘장 미리보기]",Economic
"엠투아이, ‘MX On’으로 사명 변경…“AI 자율제조 시대 선도 의지”",Economic
탈퇴 후에도 날아온 쿠팡 문자…개인정보 관리 논란 확산,Economic
대기업 임직원 1년새 5000명 구조조정…통신·석화 줄고 조선·방산 늘어,Economic
"[굿모닝 마켓] 뉴욕 증시, 뒤엉킨 종전 기대와 확전 우려…혼조 마감",Economic
"""다 올랐다"" 현장 아우성…건설·항공까지 덮친 '중동 쇼크'",Economic
"[굿모닝 증시]유가·환율 급등…코스피, 하락 출발 전망",Economic
"산업장관 ""중동 상황 악화시 차량 5부제보다 더한 조치 가능""",Economic
"SK네트웍스, 업스테이지에 500억 추가 투자…지분 12.9% 유지",Economic
"지놈앤컴퍼니 이중항체 ADC, 새 성장동력 기대되는 이유",Economic
탈퇴했는데도 문자 온 쿠팡…개인정보 관리 논란 확산,Economic
"SMR선박, '무탄소 게임체인저' 부상…기술 경쟁도 격화",Economic
유가 폭등에 항공권값 뛴다…해외 노선도 속속 사라져,Economic
천장 뚫린 원·달러 환율…전쟁 길어지면 더 갈수도,Economic
[마켓뷰] 이란발 위기 속 반도체까지 흔들…'사면초가' 韓증시,Economic
"하나證 “크래프톤, PUBG 구조적 성장기로 다시 진입…매수 적기”",Economic
탈퇴했는데 또 문자?…쿠팡 이용권 안내 논란,Economic
"[클릭 e종목]""삼성E&A, 삼성전자 반도체 투자 수혜""",Economic
"브렌트유, 장중 116달러...사상 최고 월간 상승 전망 [글로벌 머니플로우]",Economic
"美 증시, 종전 기대와 확전 우려 뒤엉켜 [굿모닝 글로벌 이슈]",Economic
WTI 100달러 돌파 마감…후티 참전에 국제유가 상승세 지속,Economic
“美·이란 전쟁 후 금은 새로운 크립토…비트코인과 비슷”,Economic
"[아침밥]KB증권 ""SK하이닉스 목표가 170만, 중동 불안=매수 기회""",Economic
"삼성전자, 8700만주 자사주 소각 완료…14.6조원 규모",Economic
금감원장 콕 찍은 '고위험' 사업자대출 많은 하나·농협은행 점검,Economic
기름값 뛰고 물가 올라도 백화점에선 지갑 열렸다…봄세일 매출 30% '껑충',Economic
"안전자산 위상 ‘흔들’…금값, 전쟁 이후 9.6% 급락",Economic
"지난달 반도체 생산 28% 급증, 全산업생산 2.5%↑..중동전쟁 발발 전 성적표",Economic
"뉴욕증시, 확전 우려에 혼조 마감…반도체지수 4%↓[뉴스새벽배송]",Economic
팔공산 벚꽃길 따라…장어 맛집 '대부장어' 주목,Economic
[3분증시] 뒤엉킨 종전 기대와 확전 우려…뉴욕증시 혼조 마감,Economic
"지주회사, 저PBR 역습 시작…""PBR·ROE·최대주주 나이 함께 봐야""",Economic
마이크론 주가 또 10% 급락…터보퀀트 충격 지속,Economic
"LG이노텍, 기판 성장 가속화…목표가 13%↑-다올",Economic
"中공급업체들, 유가 급등에 “美소비자 가격 인상 불가피”",Economic
"치솟은 환율·유가 '비상'…이 대통령 ""잠이 안 와, 상황 심각""",Economic
[애프터마켓 리뷰] 중동 불안에 국내 신재생에너지 관련주 동반 강세,Economic
[뉴욕증시] 트럼프 '초토화' 경고에…WTI 100달러 돌파,Economic
중동전쟁 한달 만에…韓 증시 시가총액 840조원 증발,Economic
"""원료 없으면 끝""…정유 차질에 석화공장 연쇄 '셧다운'",Economic
"""건설업 투자 패러다임 전환…글로벌 에너지 수주로 봐야""",Economic
"""2028년까지 두다리 뻗고 자겠네"" 하반기 삼성전자 등 대형수주 기대…RFHIC 목표가↑[클릭 e종목]",Economic
"OCI, 반도체 업황 회복·유가 상승 반사이익에 실적 회복 기대…목표가 13만-삼성",Economic
"비에이치, 폴더블 아이폰 출시 기대 여전…목표가↑-KB",Economic
전쟁에도 뛴 이차전지 ETF…“테슬라 등 ESS 수요 확대” [투자360],Economic
"美국무 ""나토, 전쟁 후 재검토""…미국-유럽 안보 균열 신호",Economic
"K-배터리, 글로벌 ESS 시장 재공략 나섰다",Economic
"크래프톤, PUBG 반등에 실적 성장 재개 기대-하나",Economic
"""당분간 금리 유지"" 파월 한마디에…비트코인·이더리움 등 일제 상승",Economic
"중동 대신 러시아에서 긴급 수혈…LG화학, 나프타 첫 대체 공급 뚫었다.",Economic
"""170만닉스 간다""…이란전쟁·터보퀀트 쇼크는 매수 기회",Economic
"“부동산 편법·불법에 칼 겨눈다”, 시장 질서 확립·정상화 ‘천명’",Economic
"2년새 25조→87조…코인 투자자들 ""해외로""",Economic
"""삼성E&A, 중동 리스크에도 성장성 유효…업종 '최선호주' 유지""-KB",Economic
‘협상 vs 확전’ 이란전쟁 줄다리기…뉴욕증시 혼조 마감 [투자360],Economic
은행 주담대 고정금리 7% 넘어…영끌족 비명,Economic
"대한조선, 에너지 수급 불확실성 속 핵심 수혜주…'매수'-유안타",Economic
"삼전·SK하닉 시총 한 달간 372兆 증발…중동전쟁 여파, 840조 ‘뚝’",Economic
"""ETF 투자 성공 비법은 '이것'…올해 키워드는 ○○○○""",Economic
환율 1520원 넘어…금융위기 이후 처음,Economic
삼겹살·치킨값 다 뛴다…중동발 쇼크에 밥상물가 '초비상' [중동발 나비효과①],Economic
삼전·닉스는 추락하고 있는데…증권사 87% 목표가 줄줄이 올리는 이유,Economic
'신약 찍어내는 AI'에 릴리 3.7조 베팅한 이유,Economic
"집에만 있던 60대 남편 ""여보! 나 은행 재취업""...눈물의 출근, 성과 1등",Economic
[마켓 프리뷰] 외인 매도세 받아낸 개인·기관…급락 속 하단 방어,Economic
협상 불확실에 혼조 마감…'터보퀀트 쇼크' 마이크론 10%↓ [뉴욕증시 브리핑],Economic
"""150조 국민성장펀드…중소형 M&A 장 열린다""",Economic
'삼전닉스' 고점서 20% 하락에도…증권가 실적전망 상향 이유는,Economic
"삼성전자 이어 SK하이닉스 정조준…美, K반도체 '특허침해' 트집",Economic
삼성전자 1분기 D램 영업이익만 33조…메모리 40조 시대 열린다,Economic
산업부 장관-한국노총 20년 만에 면담…“위기 앞 노사갈등 휴전” 제안,Economic
"""하루아침에 월이자 70만원 더 낼판""...7%대 뚫은 주담대, 피마르는 가장들",Economic
다주택자 양도세 중과 한달앞으로…늦어도 4월 말 전에 토지거래허가 신청해야,Economic
"에스티젠바이오, CMO 타고 효자 계열사로…동아쏘시오 내 실적 존재감↑",Economic
KF-21 양산 이어 인니 '첫 수출' 임박…UAE·태국 등 추가 수출 교두보,Economic
중동전쟁 한달 만에 시총 840조원 증발…'삼전닉스'만 372조원↓,Economic
바이오가 이끄는 코스닥…시가총액 상위권 ‘지각변동’,Economic
"HLB 담관암 신약, FDA 패스트트랙 올라",Economic
4대 은행 '깡통 대출' 4조원 눈 앞…환율 오락가락에 건전성 '비상',Economic
양도세 중과 유예 5월 9일 종료…토지거래허가 ‘4월 말’이 마지노선,Economic
"LG화학, 전자소재 매출 2030년 2조 목표…AI·반도체 소재로 체질 전환",Economic
"""코인 약세장 막바지""…`세계최대 이더리움 큰손` 비트마인, 올 들어 최대 매수",Economic
[거버넌스워치] 원일홀딩스 지주 전환 후 첫 영업적자…진원지 신사업,Economic
"미 재무부, 2조달러 사모대출 시장 점검 나선다…보험 규제당국과 회의",Economic
TSMC 28년 물량까지 완판…삼성전자 파운드리 '유일한 대안' 러브콜,Economic
"개미 증시 베팅 강해지는데…증권가 ""보수적으로 봐야""",Economic
[정비사업 현장을 가다-명일동] 학군에 교통·일자리 ‘트리플 코어’로 둔촌동과 쌍두마차 기대,Economic
"이차전지 ETF, 증시 파란불 뚫고 반등…ESS 모멘텀 수혜",Economic
환율 1520 찍고 코스피는 5200대로 하락…전황에 흔들리는 韓금융시장 [한강로 경제브리핑],Economic
"""아 옛날이여"".. 기피 부서된 세무서 '법인세과' 말말말 [지금 국세청은]",Economic
"삼성전자, 1분기 영업익 40조 눈 앞…D램값 10배 뛰고 HBM도 불티",Economic
“누구 말이 맞나요”…엇박자 커지는 서울 집값 통계,Economic
"""억울한 보험소비자 구하라""…법원 판결도 다시 들여다보는 금감원",Economic
"""품절되기 전에 몽땅 쟁여두자""…마트 갔다가 깜짝 놀랐다",Economic
[투자노트] 리스크 부각된 ‘그림자 금융’… 증권·보험株 영향은,Economic
"원자재 값 상승에 환율까지…치킨업계, 가격 인상설 '솔솔'",Economic
"""또 떨어지냐"" 외국인, '삼전·닉스' 얼마나 팔았길래…떨고 있는 개미들",Economic
외국인 몰리는 '핫플'인줄만 알았는데…오피스 거래 300% 폭증한 성수,Economic
중동 확전 우려에 귀금속 가격 요동…금값 어디로,Economic
[스타트 브리핑] 일상 덮친 전방위적 '워플레이션'...가릴 것 없이 다 오른다,Economic
'이러다 유령 나올라'…불꺼진 새 아파트 수두룩,Economic
[산업 리그테이블]②하이닉스가 다한 SK…수익성 양극화도 '역대급',Economic
"삼성 36.5조 SK하닉 31.1조, 1Q 실적 눈앞…'터보퀀트' 우려 날릴까",Economic
"이 대통령의 SNS '부동산' 메시지, 기대와 우려가 교차하는 이유 [전강수의 경세제민]",Economic
공시지가로 증여세 5700만원 냈는데…법원 “시가 기준 7000만원 더 내라”,Economic
대주주 지분 제한에 '발목'…두나무-네이버 '빅딜' 일정 3개월 연기,Economic
나프타 러시아 공급처 뚫었다…첫 대체선 발굴 속 지속은 의문,Economic
"'월가 거물' 픽에 50% 폭등...""10배는 오를 것""",Economic
"""3천억 상속세에 멈춘 33년 가업""…청호나이스, 사모펀드行 갈림길",Economic
전세금 굴리고 월세 신고는 누락…임대사업 15곳 세무조사,Economic
"""지금 주워 담아라""…주저앉은 코스피에 증권가 '반전 진단' [분석+]",Economic
"'6.6억→7.7억'…미아동 아파트, 한 달 만에 1억 뛴 이유 [돈앤톡]",Economic
분양가가 오르는데 집값이 떨어질까요? [더 머니이스트-심형석의 부동산 정석],Economic
프라이팬·냄비·비닐·옷까지 도매 물가가 뛴다,Economic
"야오 아문디 전략가 “韓, 低부채가 무기…WGBI 편입이 MSCI 승격 이끌어낼 것”",Economic
"""돌아온 퇴직 은행원, 성과급 무려 3억""...70세 넘은 베테랑도 뛴다",Economic
자고 나면 오르는 기름·재료·용깃값…소상공인 '高高高' 직격탄,Economic
“비트코인 10만달러 돌파할 것”…모건스탠리 코인 ETF 파장,Economic
"롯데시네마·메가박스, 배타적 협상기간 D-데이…연장·장기화 기로",Economic
"""247채 굴리며 세금 회피""‥임대사업자 세무조사",Economic
"""이란 전쟁에 페인트값 55%↑""⋯건설사 또 '비상등'",Economic
"""너도나도 손사래""⋯홈플 익스프레스 매각 조만간 '윤곽'",Economic
"셀트리온, 日 시밀러 공략 강화…성과는 언제쯤",Economic
"""모든 주문 취소·일시 휴업""…中企, 원료 이어 자금도 마른다",Economic
‘터보퀀트 여진?’ 마이크론 10% 폭락 … 삼전·SK하닉 더 버텨야 하나,Economic
홈플러스 회생 핵심 '익스프레스 매각' 마지막 날…인수자 나타날까,Economic
"""목·금 vs 월·화""…전쟁이 낳은 증시 '이상' 패턴",Economic
중동전쟁發 에너지위기에 '가파도 RE100 사업' 다시 조명,Economic
마이크론 주가 10% 급락…AI 공급난·이란 전쟁 '이중고',Economic
“반포자이 누른 나홀로아파트”…브랜드·대단지 제친 ‘노 브랜드’의 반격,Economic
퇴직연금 수익률이 무려 40%?…로봇이 사람보다 2배 벌었다,Economic
빨래 개고 달걀 옮기는 게 로봇 끝판왕 조건?…삼성은 독립조직 신설도,Economic
K-ESG 공시 '윤곽'…'코리아 프리미엄' 시동거나,Economic
"고유가·고환율 태풍, 피난처는 게임 조선 방산주",Economic
탄소배출권 혼조에도 조선업 상승…투자 점검 포인트는,Economic
다시 찾아온 '에너지 리얼리즘'…친환경 투자 돌파구는,Economic
"삼성전기, '만년 부품사' 넘어서 'AI·전장'으로 쌍끌이 성장",Economic
"자기주식 소각 의무화 시대, 기업의 자본정책도 달라져야",Economic
“내 노후가 녹았다” 5일간 1700조 빅테크 곡소리,Economic
"직접 운용 무섭고, 원금 보장 아쉽고…로보어드바이저에 몰리는 4050",Economic
"대구 ‘한국관’ 옆에 주상복합을?… 호반그룹, 5년간 방치된 땅 자체 개발",Economic
[비즈톡톡] 렉라자·큐레보·글리아티린…감사보고서가 찍은 제약 ‘빅3’ 주가 변수는,Economic
강남보다 비싸다… 흑석·노량진 신축 아파트 평당 분양가 8000만원,Economic
S&P 3거래일 연속 하락…유가 급등에 지수별 혼조세[뉴욕마감],Economic
"금호석화, 고부가·친환경으로 사업 전환…ROE 개선이 관건",Economic
3월 급락한 증시…4월 ‘반등’일까 ‘버티기’일까,Economic
자사주 소각 의무화에 예외조항으로 응수... 분쟁 불씨 남긴 유통업계 정기 주총,Economic
'패닉 바잉' 겨우 보내니...'노룩 전세' 왔다,Economic
"""삼성전자, 1Q 영업익 43조 전망...메모리 랠리에 실적 확대"" 키움證",Economic
사기꾼이 웃으며 한 말 “더 세게 나가세요”···은행원·경찰이 말려도 의심조차 못했다,Economic
"""18억 낮춰도 안 팔려""…세 부담에 강남 집주인들 '증여'로 선회",Economic
"외국인, 이달에만 코스피 32조 팔았는데…""더 많이 팔 수도""",Economic
중동 리스크 한 달…400조 바라보던 ETF 시장도 쪼그라들었다,Economic
"[단독]송미령 ""사상 첫 '농지 전수조사' 계획…조만간 발표""",Economic
[ETF 업&다운] 국내 '최초' 맞대결…두산 그룹주 vs AI저작권 ETF '출격',Economic
호르무즈 봉쇄 2개월 넘기면…환율 '1500원대' 6개월간 지속,Economic
“나흘째 계좌 안 열고 있습니다”­…전쟁리스크에 코스피도 원화값도 ‘뚝뚝’,Economic
"뉴욕증시, 뒤엉킨 종전 기대와 확전 우려…혼조 마감",Economic
"美 국무장관 ""이란 전쟁 끝나면 나토 재검토""",Economic
"트럼프 변덕, 외국인 변심… 원·달러 환율 17년 만에 1520원대 찍은 이유",Economic
전쟁·유가·기술주 '압박'…파월 관망 선언에도 뉴욕증시 약세[월스트리트in],Economic
스테이블코인법 언제 추진되나…오늘 금융위 입장 주목,Economic
유가 심리적 마지노선 무너졌다…엔비디아ㆍ테슬라 하락,Economic
한산한 1분기 IPO 시장…‘케이뱅크 주관’ NH투자·삼성證 상위권 [시그널],Economic
이란전쟁 한달만에 WTI도 100달러 찍었다…뉴욕증시 혼조 [월가월부],Economic
"[뉴욕증시] 다우지수만 반등…마이크론, 10% 폭락",Economic
"헤지펀드 거물 애크먼 ""우량주 매수 타이밍…약세론 무시하라""",Economic
"윤지호 “공포에 떨지 마라, 코스피 전세계 가장 강하게 반등할 것”",Economic
‘DCM 강자’ NH투자·KB證 상위권 다툼…한투·신한證도 ‘존재감’ [시그널],Economic
"중동 분쟁에 해외 수주 74% 급감…건설사, 북미·동남아로 눈 돌린다",Economic
"AI가 바꾼 M&A 판도…삼일·김앤장 1위 수성, 안진은 회계부문 깜짝 선두[시그널]",Economic
"미국 원유선물 100달러 돌파, 2022년 이후 처음…""추가 상승 리스크""(종합)",Economic
美 클래리티법 이자 지급 논쟁에…직격탄 맞은 '코인베이스',Economic
"삼성물산, 괌 태양광 '투자+시공' 결합…디벨로퍼 전환 속도",Economic
"두산에너빌리티, 2조 사우디 발전사업 수주…EPC '톱티어' 입증",Economic
[속보]기술주 급락·유가 급등에 나스닥·S&P500 하락,Economic
기름값 인상에 군소 정당 왜 한숨 쉴까…‘현수막’이 무서운 봄 [김기자와 만납시다],Economic
“마이크론 9.88% 폭락”…반도체 지수 급락 속 나스닥 0.73%↓,Economic
전 세계 사로잡은 한국 AI 기업… 코트라 ‘광폭 지원’ 빛났다,Economic
"美국무 ""우리는 협상·외교 선호하지만 실패에 대비해야",Economic
‘수도권 6만호 공급’ 1·29대책…“로또분양 막자” 3가지 선택지,Economic
"“월급 400인데 이자만 200”…7% 금리, ‘버티기 한계’ 왔다",Economic
주말만 지나면 증시 급락장… 지붕 뚫린 환율 1520원도 돌파,Economic
자재 대체품도 없다… ‘벼랑끝 K산업’,Economic
"'심장' 갈아끼우고 전력 질주, 밟기도 전에 쏘는 야수의 車",Economic
"개인용 국채, 1% 가산금리에 갈아타기 속출…중도환매 7배 늘었다",Economic
"외인이 ‘방패’, 국민연금은 힘못써…금융그룹 지배구조 도마 위",Economic
26년째 평균의 함정…해결 아닌 관리에 갇힌 소상공인 정책 [더롱뷰],Economic
서러운 2030…'김 대리'가 사라진다 [AI발 고용 충격],Economic
명품이거나 가성비거나…'K'소비에 백화점 웃고 마트 운다,Economic
'조용한 침식'이 시작됐다…개발·서비스업 신입 16% 증발 [AI발 고용 충격],Economic
"이번엔 하이닉스가 타깃…美 ‘특허괴물’ 먹잇감 된 K반도체, 왜",Economic
"""더 센 대출 규제 온다""…제도권에서 밀려나는 취약차주",Economic
길 잃고 산 '금호동' 집 10배 대박…조현아의 남다른 '은행 3시간' 재테크,Economic
"미국 유가, 4년 만에 100달러 돌파…브렌트, 사상 최대 월간 상승률",Economic
"'전쟁 비용 아랍국가들이 치르나'…백악관 ""트럼프, 비용 요청 관심""",Economic
'불붙은 유가' WTI까지 100달러 돌파…후티 참전·홍해 봉쇄 우려,Economic
브렌트유 3월 55% 폭등…역대 최대 월간 상승,Economic
[단독]“5월 발권땐 美왕복 유류할증료 100만원”… “오늘내 비행기티켓 끊어야 싸” 문의 몰려(,Economic
일상 흔드는 ‘워플레이션’… 세탁비-음료컵-인테리어 다 오른다,Economic
韓경제 급소 찌른 ‘오일패닉’… 제조업 멈추고 포장재도 말라가,Economic
"""보증금 올리고, 월세 얹어서 더 살래요""... 본격화한 전월세난",Economic
[단독] 837억→1300억 공사비 폭탄에… 방이동 공공개발 5년째 '공터',Economic
"백악관 ""트럼프, 아랍국에 이란전쟁 비용 요청 꽤 관심있을 것""",Economic
"기준금리 인상 선 그은 파월…""이란전쟁 경제영향 더 지켜볼 것""",Economic
"트럼프 ""협상 불발시 이란 발전소·하르그섬 초토화해 끝낼 것""",Economic
씁쓸한 '미장' 달콤한 'RIA'...서학개미 국장 복귀 당기나,Economic
LNG선 수주로… '중동 불안' 넘는 K조선,Economic
"""공포의 월요일, 내 계좌 녹는다""...주말마다 악재→폭락 '비명'",Economic
'삼전+닉스' 1분기 영업익 70조 육박… 'D램' 실적파티,Economic
경윳값 급등에도 '최대 183원' 유가연동보조금 한도 풀린다,Economic
자잿값 뛰고 공급난 조짐… 건설현장 '4월 위기설' 번진다,Economic
수술실 '3분 대기조'… 일당백 보조로봇,Economic
美 관세 파고 뛰어넘은 韓 타이어 3사…올해 역대급 실적 예고,Economic
대왕고래 프로젝트에 자원 메이저가 뛰어드는 이유,Economic
"학생 줄어도 더 받고, 중산층 노인도 다 받고… ""더이상 없도록""",Economic
미 걸프 연안 LNG 설비 가동…가스 공급 차질 숨통 트일까,Economic
"트럼프의 사모대출 위기 해법은 ""연기금 투입""…규제 완화 첫 삽",Economic
"알루미늄 가격, 4년여 만에 최고 수준…중동 제련소 공격 여파",Economic
"'전쟁도 버거운데'…트럼프, 이번주 소송·예산 등 정치적 부담 산적",Economic
중동발 경제 한파를 극복하려면,Economic
"파월, 인내에 방점…""에너지 공급 충격, 대개 단기에 끝나""",Economic
"트럼프 ""이란과 곧 합의 안 되면 하르그섬 파괴""…유가 또 급등",Economic
페인트·단열재에 레미콘까지…중동 전쟁이 부른 공사비 폭탄,Economic
"대형 원전 2기는 울주·영덕, SMR은 경주·기장 유치 신청",Economic
“홍해도 막힐라” 정유업계 또다시 비명,Economic
‘국평 이하’ 작은 집 몰리는 서울 청약 수요,Economic
독불장군 머스크에 지쳤나… xAI 공동창업자 11명 모두 짐쌌다,Economic
‘샤힌’ 매달리는 에쓰오일… 울산 석화 구조조정 쳇바퀴,Economic
“하이닉스보다 더 준다” 제안도 뿌리친 삼성 노조,Economic
"美 국무장관 ""우리는 협상선호…지상군 투입은 실패 대비용""",Economic
"美사모대출 흔들리는데…트럼프 행정부, 퇴직연금 문호 개방",Economic
"“반도체 상승장, 실제 기업 이익과 기초 체력이 뒷받침”",Economic
“상승장에서 탐욕은 더 위험… 지금은 방어운전하듯 투자해야”,Economic
"“한국 증시, 기업 이익 감안하면 금융위기 수준 저평가”",Economic
‘이사회 의장’을 보면 4대 그룹 스타일이 보인다,Economic
"美의회, 정부내 中로봇 사용 금지 법안 발의… “한국엔 기회”",Economic
‘입맛’ 잃은 미국인들… 비만치료제가 美소비 지형 바꿨다,Economic
[애널리스트의 마켓뷰]중동전쟁에 따른 유종별 차별화에 주목해야,Economic
"""김치찌개 3천원에 먹으려면 여기""…고물가 시대 '거지맵' 떴다",Economic
아파트 200채 굴리며 임대수익 8억 숨기고 세금 혜택 챙겨… 세무조사 철퇴,Economic
데이터센터 개발·리츠 상장 보류… 부동산 금융시장 중동전쟁 유탄,Economic
외국업체에 KRX금시장 개방… 국내 제련업계 “역차별” 반발,Economic
석유화학 일단 숨통 텄다… 러시아산 나프타 2.7만t 확보,Economic
30년 현장 누빈 KT맨의 귀환… 임원 최대 30% 축소 ‘조직 슬림화’ 예고,Economic
"하이브리드차, 친환경 맞나… 차량 5부제가 또 불붙인 논쟁",Economic
사라지는 집앞 은행… 디지털 약자 어쩌나,Economic
‘석유에 지쳤다’…태양광·풍력 신재생에너지株 주가 급등 [마켓시그널],Economic
"포탄 떨어진 건 중동인데, 한국 CDS 프리미엄이 올랐다",Economic
공모가 깨진 케이뱅크…IPO '완주'로 최우형 웃었지만 주가는 울상,Economic
엔비디아 PER 19.6배…2019년 이후 최저,Economic
"트럼프, 궤멸적타격 경고로 막판압박…일방적 종전선포 가능성도",Economic
[뉴욕증시]개장 전 트럼프 SNS에 상승 출발…브렌트유 115달러 돌파,Economic
"뉴욕증시, 저가 매수에 상승 출발",Economic
"'강남3구·한강벨트' 등 다주택 임대업자 15곳 세무조사...""탈세혐의 지속 검증""",Economic
서울 기름값 2천 원 코앞...'기습 인상' 주유소 단속,Economic
'우회로' 홍해도 막히나...원유 수송·수출길 '비상',Economic
중동발 원료난에 ‘러시아산’ 나프타 2.7만t 도착… LG화학 대산단지행,Economic
"“아들, 군대 가면 안 될까?”...자녀 유학보냈다가 ‘환율’ 때문에 한숨 나오는 부모님들",Economic
"트럼프, 핵시설 장악 軍투입 만지작…이란 “상어 먹잇감 될 것”",Economic
"사우디아람코, 5월 선적분 역대급 폭등…아시아 정유사 '비상'",Economic
워플레이션 현실화 [뉴스A CITY LIVE],Economic
일주일 새 20%↑…비닐값 급등에 농민 ‘울상’,Economic
우선주 11.5% 배당에 ‘돈가뭄’…스트래티지 1년 만에 비트코인 매입 중단,Economic
“치킨값 지금도 3만원인데” 또 오르겠네...닭고기 공급가 줄인상에 ‘비상’,Economic
"골드만삭스 ""비트코인 저점 근접…3개월 후 반등 가능성""",Economic
정부 “울산 비축유 90만 배럴 북한 유입? 가짜뉴스… 엄정 대응”,Economic
"‘폐기’ 음료 3잔 가져간 카페 알바, “횡령”이라며 고소한 점주···송치 놓고 ‘시끌’",Economic
"""치킨값 3만원 가나""…닭고기 급등에 외식물가 '비상'",Economic
[따져보니] IMF급 환율 상승…주담대 금리 상승 어디까지?,Economic
"트럼프 ""이란, 즉각 합의 안 하면 모든 발전소와 하르그섬 파괴""",Economic
"호르무즈 이어 홍해도 봉쇄 위기···UAE 푸자이라항·오만, 각국 원유 대체 수입지로",Economic
"""출발 코앞인데 취소 통보""…기름값 폭등에 항공편 줄줄이 '스톱'",Economic
강남아파트 등 247채 굴리며 탈세한 임대업자,Economic
정유사 재고 15일 남았다…원유 '우회로'도 차단 위기,Economic
유가 상승이 부른 ‘코스피 거품론’,Economic
"트럼프 ""이란과 곧 합의안되면 하르그섬·발전소 폭파하고 끝낼것""",Economic
신뢰 잃고 코스닥 대장주 내준 알테오젠,Economic
성동·동작까지 꺾였다…한강벨트 운명은? [감평사의 부동산 현장진단],Economic
"TKG태광, TKG애강 잔여지분 공개매수…상폐목적[시그널]",Economic
"'1인분 배달' 경쟁⋯""혜택 축소"" vs ""눈치 보기""",Economic
"[앵커 브리핑] 불안한 증시, ‘체질 개선’ 가능성은?",Economic
보유세 인상 현실화할까…진성준 “7월 개편 가능성 상당하다”,Economic
중동 긴장 고조에 고유가·고환율·증시하락 장기화…외국인 8일째 '팔자',Economic
"MZ들 소맥 대신 하이볼 마신다더니…""술 안 마셔요"" 돌변 [트렌드+]",Economic
세금 혜택 보고 돌아왔더니…-12% 개미 '비명',Economic
"""트럼프 '협상' 주장 못믿어""…브렌트유 한 때 배럴당 116달러",Economic
"""1명이 아파트 247채 굴리며 세금은 회피""‥임대사업자 15곳 전격 세무조사",Economic
"""월요일만 되면 악재가 한 번에""‥3월 증시에서 증발한 시가총액 687조 원",Economic
아파트 200여채 굴리며 탈세…임대업자 세무조사,Economic
다주택·임대업자에 칼 뽑았다…2800억 탈루 겨냥 세무조사,Economic
제일 선방한 포스코가 -10% 찍고 찔끔…그룹주 ETF ‘잔인한 3월’,Economic
"대부업으로 시작해 지방銀 주요주주 꿰차…OK, 금융 다크호스로",Economic
홍해·호르무즈 동시봉쇄 위기…韓 수출·공급망 다 막힐라,Economic
삼성 ‘파격보상’ 제시에도 노조 ‘손사래’… 파업 위기감 고조,Economic
"“비교적 저렴했는데”…기름값 급등한 고속도로 알뜰주유소, 왜?",Economic
"""인플레보다 성장둔화 우려""…전세계 국채 수익률 하락 전환",Economic
"[경제톡톡] “건강보험, 은퇴 후 삶의 질 결정한다”",Economic
“매년 세자릿수 신규채용 합니다”…전력 슈퍼사이클 누리는 이 회사,Economic
전쟁 여파에 '돈나무 언니'도 후퇴…메타·엔비디아 등 '대량 매도',Economic
"타이밍 절묘했던 차환…신한서부티엔디, 광화문G타워 리파이낸싱 '안도'",Economic
서울 강남 등 다주택 임대 사업자 15명 세무조사,Economic
‘신의 한 수’가 된 감자… 윤대인 삼천당제약 회장 아들 지분가치 1조원 이상 급등,Economic
"비트코인, 1억원대 횡보…기요사키 “위기=기회” VS 골드만 “바닥권”",Economic
"""한 대당 250만원 더 내야할 판""…중고차 업계 '초비상'",Economic
호르무즈 이어 홍해도 막히나… 유가 폭등·수출길 '초비상',Economic
"오피스·주거타운 동시 대개조… 여의도, 新마천루 시대 열린다",Economic
1520원 넘나든 환율… 조여오는 ‘S의 공포’,Economic
[기획] 홍해·호르무즈 ‘쌍봉쇄’ 임박… 벼랑끝 韓경제,Economic
‘회생 연장’ 홈플러스 ‘운명의 날’…익스프레스 매각 여부에 생사 달려,Economic
포장용기·비닐까지 웃돈 주고 구매…“당장 음식값 올릴 수밖에” [물가 연쇄 쇼크],Economic
"LG화학 ""2030년 반도체·전장소재 매출 2배로""",Economic
"[집중진단] 트럼프 ""이란 석유 갖고 싶어""…지상전 확전 시, 유가200달러 직행",Economic
유가 상승→금리 인상?…간단치 않은 셈법,Economic
"[주간증시전망] 외국인 2조 던지고 탈출, 개인이 매수로 코스피 5200선 사수",Economic
'나프타' 숨통 텄다…오늘 러시아산 2만7000t 들어온다,Economic
"코스피, 중동 긴장에 3% 가까이 하락…환율 1,515원대",Economic
"“햄버거 1000원·백반 4000원?”...‘극가성비’ 식당 찾아 ‘거지맵’ 뒤지는 청년들, 왜 이럴까",Economic
확전 우려에 환율 이번주 1530원 가나 [美·이란 전쟁],Economic
[단독] 상속농지 1년새 급증…‘여의도 45배’ 늘었다,Economic
정부 “종량제봉투 충분… 가격 인상 없다” [美·이란 전쟁],Economic
홍해 봉쇄되면 유럽수출 ‘동맥’ 막혀… 희망봉 우회 땐 운임 폭등 [美·이란 전쟁],Economic
비닐·그릇값 30% 급등… “35년 장사하면서 처음” [美·이란 전쟁],Economic
후티 참전 선언에 산업계 ‘홍해 봉쇄공포’…‘물류 동맥경화’ 현실화 임박,Economic
러시아산 나프타 2.7만톤 오늘 도착…LG화학 대산단지에 투입,Economic
"경쟁사 넘는 포상금 제안도 거절했다…""이기적"" 삼성 노조 향한 비판 목소리",Economic
"""TV 안팔리네…"" 가전 빅2, 공장 덜 돌리고 프리미엄 집중",Economic
"이란전쟁 격화에 코스피 5,200선 후퇴...환율 1,520원 돌파",Economic
"""배달장사 못할 판"" 사장님 비명…포장 용기값 40% 넘게 뛰었다",Economic
대출 더 막힌다… 주담대 규제 강화에 실수요자 ‘비상’,Economic
은퇴 후 천만 원 넘기면 건강보험료 폭탄? [이슈콘서트],Economic
LGD의 고강도 체질개선…고부가로 흑자 더 키운다,Economic
네이버파이낸셜·두나무 합병 주총 8월로 연기…“인허가 승인 위해 노력”,Economic
4월은 잔인한 달?…월급 찔끔 올랐다고 건보료 20만원 더,Economic
자사주 소각 피하는 기업들… '정관' 고쳐 무더기 출구 전략,Economic
삼전 2% 떨어질 때 하이닉스는 5% 하락…“매출 편중도가 하락률 갈라” [마켓시그널],Economic
유가 쇼크·美 규제 '원투펀치'…비트코인 7만 달러 무너졌다,Economic
"호도, 왜곡, 사재기… 넘치는 쓰레기봉투 왜 '품귀 현상' 빚고 있나",Economic
주담대 7% 돌파…대출액 크면 이자 더 낸다,Economic
"LG화학 ""2030년까지 전자소재 매출 2조로 2배 키우겠다""",Economic
"""나프타 반나절치 숨통""…러시아산 확보에도 수급 불안 '여전'",Economic
"""조선·해운은 곧 에너지안보… 자국선 발주 늘려야 강해진다"" [지상대담]",Economic
풍선 부는 헬륨 아냐…반도체 멈출 '8주의 시한폭탄',Economic
"부동산 대책, 다주택자들 ‘고민’…“10명 중 6명, 효과 기대”",Economic
"(주)한화, 고려아연 지분 팔아 한화솔루션 증자 참여하나…지분 매각 추진설",Economic
"""IMF 위기 때와 버금가는 최악의 수준""…환율, 결국 1,520원 넘어",Economic
호르무즈·홍해 사상 첫 ‘이중봉쇄’ 우려…글로벌 에너지 공급망 위기,Economic
"정부, 비축유 활용해 나프타 확보…석유공사·업계 '수급 협의체' 가동",Economic
[네이버·두나무 빅딜] 3개월 연기…공정위 심사 지연 '발목',Economic
[핫클립] 기름값·환율 ‘쌍끌이’ 악재…멈춰 서는 장거리 노선,Economic
"외국인들, 이달 코스피에서만 32조 던졌다…역대 최대",Economic
“정유·화학 추천종목 당분간 전혀 없습니다만”…그래도 산다면 ‘이 종목’,Economic
환율 1520원 돌파…30조 매도한 외국인 언제 돌아오나,Economic
"반값, 적금, 이익공유…초기 부담 낮은 ‘공공분양’, 청약 판도 바꿀까",Economic
마이크론·서클 추격 매수하다 '눈물'…나스닥100·테슬라 순매수[서학픽],Economic
월요일부터 출렁…중동발 불안에 환율 1520원 넘고 코스피 5300선 붕괴,Economic
러시아산 나프타 2.7만톤 오늘 들어온다…LG화학 대산단지 투입,Economic
유가 폭등에 코스피 21일 만에 5300선 붕괴,Economic
증시 변동성 확대에 거래대금↑…증권사 실적 기대감,Economic
"""전쟁충격 예상보다 크지 않아""…역사적 학습효과로 美증시 선방",Economic
한화솔루션 유상증자에 소액주주 탄원서 제출 ‘부글부글’···금융당국도 “리스크 높은 사안”,Economic
주말만 지나면 '검은 월요일'...코스피 3% 가까이 내려,Economic
"터보퀀트가 HBM 호재?… 주가 급락에도 증권가는 ""삼전 매수""",Economic
동남아 차 전쟁… 韓 공급망·中 저가차·日 하이브리드,Economic
"한화오션·HD현대중, 캐나다 사절단 만난다…잠수함 수주전 승기 잡나",Economic
"[투자의 창] 퇴직연금, 글로벌 분산 투자가 답이다",Economic
[연합뉴스 이 시각 헤드라인] - 18:00,Economic
美 '로봇 안보법' 발의…韓기업 수혜 보나,Economic
포탄은 중동에 터졌는데...CDS 프리미엄 韓 더 떨어진 까닭은?,Economic
"""메모리 공급난에 터보퀀트 각광""",Economic
“직장인들만 세금 잘내면 뭐해요”…부촌 임대업자 2800억원 탈루,Economic
"[김지영의 생존투자] 韓, 선진 국채클럽 입성… 75조 유입에 구조적 저평가 해소될까",Economic
"[이슈&트렌드] 미국산·러시아산 원유, 얼마나 대체할 수 있을까",Economic
"외국인, 32조 역대급 '투매'...극도의 위험회피 [마켓톡톡]",Economic
공모주 관심 뜨거운데…눈에 띄는 '대어' 없네,Economic
"반·전 노리는 LG화학…""전자소재 매출 2배로 키울 것""",Economic
"""채권값 더 떨어진다"" … 줄지않는 하락 베팅",Economic
길어지는 이란전쟁에 … 개미도 힘 빠졌나,Economic
"[자막뉴스] 유류할증료만 100만 원? 셧다운 '공포'…""한국 항공 역사상 처음 있는 일""",Economic
잘나가던 그룹ETF … 이란전쟁에 급제동,Economic
"전쟁 한 달 ‘그룹주 ETF 희비’…한화 선방, 현대차·삼성 약세",Economic
국내 증시 주도하는 ‘큰손 개미’는 서울 거주 50대 남성,Economic
"한화솔루션, 유상증자 반발 진화 안간힘… “미래 신기술 선점·재무 건전성 위한 선택”",Economic
재건축에 고덕비즈밸리까지…‘직주근접’ 강동으로 인구 몰려,Economic
"[단독] ‘초저가 수수료’ 메리츠…거래액은 1위, 수익은 하위",Economic
학군·교통·일자리 삼박자…1만여 가구 미니신도시로 탈바꿈 [정비사업 현장을 가다],Economic
[단독] 배민·쿠팡이츠 경쟁자 또 나온다…신한 이어 하나은행도 배달앱 도전,Economic
"D램값 10배 뛰고 HBM도 불티…삼성전자, 메가사이클 타고 ‘퀀텀 점프’",Economic
"""업계 최고 대우"" 제안마저 거부한 삼성전자 노조",Economic
"하루 새 214원 올려...李 ""에너지 문제 잠 안 와”",Economic
"끝 안 보이는 중동전쟁…환율 1,520원 넘고 코스피 5,300 아래로",Economic
다주택자 남은 시간은 2주…'급매냐 버티기냐' 눈치싸움,Economic
"동국제약, 30년 쌓은 DDS 기술력…“장기지속 주사제 연내 기술이전” [바이오리더스클럽]",Economic
"삼성 ""日 중요성 커졌다""…도쿄에 해외 2번째 싱크탱크",Economic
중동 전쟁 한 달…반도체주 '울상'인데 건설주는 원전 덕에 '일단 미소',Economic
미국 기업 담는 신규 ETF 우르르…오는 31일에 나란히 상장,Economic
"""이란 전쟁 언제까지"" 금융시장 '출렁'…환율 급등·증시 급락",Economic
"""2주 후면 레미콘 공급 중단""...건설현장 덮친 '나프타 쇼크'",Economic
'업계 최고 보상'에도 깨졌다…삼성 노사 합의 중단 까닭은?,Economic
[휴온스바이오파마 IPO] ④중국 상륙한 '휴톡스'...매출 저변 확대,Economic
"'역대급 마진, 그림의 떡'…기름값 2천원 문턱에도 속 타는 정유사들",Economic
"중동 확전 현실화…환율 1520원 선도 뚫어, '러·우 전쟁 악몽’ 되살아나",Economic
"대한항공, 부산에 2000억 원 투자해 신규 공장 추진",Economic
"유가·환율 치솟자 亞증시 주르륵…코스피, 심리적 저항선도 위태",Economic
"고유가, 소비 패턴 바꿨다...전기차 판매 신기록",Economic
러시아산 나프타 2.7만톤 오늘 도착…LG화학 대산단지 투입(종합),Economic
애경케미칼 상한가…TPC 최초 양산 기대,Economic
"HMM, 돌연 임시 이사회 개최…'본사 부산 이전' 강행",Economic
"""강남 반값 로또 vs 현실 당첨 가능성""…서초·신길 청약 전략은?",Economic
달러·원 1520원 돌파…금융위기 이후 17년 만(종합2보),Economic
나프타 수급 불안에 脫플라스틱주 들썩,Economic
출구 못 찾는 전쟁…8거래일째 '셀 코리아',Economic
비트코인이냐 금이냐... 이 사람의 입을 주목하라,Economic
IPO ‘단타→장투’ 전환 고삐 죈다…‘코너스톤’ 도입 속도전 [시그널],Economic
"""업계 최고 대우 받는데..."" 반도체-바이오 초유의 동시 파업 위기 닥친 삼성",Economic
유탄 맞은 '보험사 배당',Economic
비상 걸린 '은행 건전성',Economic
"배병주 ""美 제조업 르네상스 정책, 韓 로봇에 기회""",Economic
홈플러스 '운명의 날' D-1…맥 빠진 인수전,Economic
러시아산 나프타 2만7000톤 확보…민관 '원팀' 발빠른 대응,Economic
"""이란 내 원유 장악"" 트럼프 한마디에 코스피 급락 휘청",Economic
"에이비엘바이오, 네옥 바이오에 2,500만달러 지원…""ADC 개발 가속""",Economic
[퇴근길머니] 휘발유 '2천원 시대'...금융권 비상대응TF 발동,Economic
"IMA 효과낸 한국투자증권, 1조 육박 실적으로 독주…하나銀 2위 ‘대약진’ [시그널]",Economic
"외국인 '2조 순매도' 배터리·방산 갈아타…개인, 오늘도 삼전닉스 '매집'",Economic
"석화업계, 나프타 확보 총력전 …'러시아산'까지 수입",Economic
고유가에 항공사 '비상경영'… LCC는 노선 대폭 축소,Economic
"""거위 배 가르나""..국가 명운 걸린 'K반도체' 볼모로 잡은 삼성노조",Economic
코스피 지수 흐름이 ‘민스키 모델’과 비슷?…‘버블 붕괴’ 불안한 개미들,Economic
"“한 달 묶였던 배 움직였다”…中 선박, 호르무즈 ‘탈출’ 재시도",Economic
"환율 1520원 돌파, 금융위기 이후 처음…“불타는 환율에 ‘추경 기름’ 끼얹어” 국힘 비판",Economic
호반 한진칼 지분 추가 인수에도 조원태 '완승',Economic
"""납품 밀리고 공정 늦어진다""…나프타 쇼크에 건설현장 비상",Economic
"[D리포트] ""2,800억 원 탈세""…아파트 200채 가진 임대사업자 등 세무조사 착수",Economic
'나도 고액 주담대?'...내달부터 '이 금액' 넘으면 이자 더 낸다,Economic
러시아 나프타 한국 들어왔다… LG화학 2.7만톤 수입,Economic
"""보험료 1000% 폭등""…호르무즈 막히자 물가 '도미노 쇼크' 온다",Economic
삼성 '꿈의 1나노 공정' 도입한다…빅테크 유치 총력,Economic
"에이비엘바이오, 美 네옥 바이오에 377억 지원…이중항체 ADC 임상 가속",Economic
"사람은 늘 합리적이진 않죠…인간의 탐욕, 사회의 광기가 투기 부채질",Economic
"진성준 ""부동산 보유세, 7월 세제개편 포함 가능성 상당""",Economic
호르무즈 이어 홍해까지 막히나…나프타 수급 위기 장기화,Economic
"산업부 ""러시아산 나프타 2만 7000t 오늘 국내 도착""",Economic
'좋은' 투자 vs '나쁜' 투기…그 미묘한 경계선[커버스토리],Economic
호르무즈·홍해 ‘쌍봉쇄’에 환율 1520원 뚫렸다…체감은 이미 1580원대,Economic
"에이비엘바이오, 美 네옥 바이오에 377억 투자",Economic
“실물경제 방파제” 압박에…은행권 ‘14조 뉴머니’ 풀었다,Economic
“리츠 상장 못하겠는데…” 부동산 금융 시장도 이란전 유탄,Economic
가상자산사업자 대주주 심사기준 구체화…트래블룰도 전면 강화,Economic
기름값·공공요금·대출금리...'노 킹스'에 기름부은 美경제 3중고,Economic
4월부터 ‘고액 주담대’ 문턱 더 높아진다…가산금리 최대 0.25%p↑,Economic
강남만 뚝뚝…외곽 지역이 끌어올리는 서울 집값,Economic
‘공사비 2.1조’ 압구정4구역 삼성물산 단독 참여로 유찰…재입찰 수순 돌입,Economic
'샤워시간 줄여야하나'…호주까지 생산 차질 '초비상',Economic
AI·전력망 수요 확대 수혜 … LS전선 역대 최대 실적 내,Economic
"LG화학, 반도체·전장 매출 2배 키운다",Economic
"""2,800억 탈루""…강남3구·기업형 임대업자 세무조사",Economic
"""비닐 대량 주문 안 받아…플라스틱병도 위태"" 나프타 대란 전방위로",Economic
"홈플러스 익스프레스 인수전…유진그룹 불참, 흥행 '빨간불'",Economic
'90조 단비 빨리 왔으면'…환율 무섭게 오른다,Economic
日금융시장 출렁…닛케이 2.79% 하락·엔달러 160엔 돌파,Economic
고액 주담대 가산금리 ↑… 2.49억 넘으면 최대 0.25%포인트 인상,Economic
"""10만원, 싸서 문제?""...'나프타 불안' 가격 인상도 못 막는 '현수막 공해' [오승혁의 '현장']",Economic
스타필드·아산병원 옆 청라 오피스텔 '관심',Economic
"'호르무즈 리스크' 뚫고 LNG선 릴레이 수주…""발주처 다변화 좋아""",Economic
"수서·가양·번동 노후임대, 6329가구 '분양+임대'로",Economic
'175조' 중동 건설시장 위험…이르면 5월 '셧다운 공포',Economic
첨단소재 전환 선언 LG화학…주총 앞두고 표 대결 예고,Economic
"""역대급 보상안이라는데"" 삼성전자 교섭중단…""반도체 골든타임 놓치나"" 우려",Economic
'건물위 공원' 놓고 엇갈린 서울시·국토부,Economic
"공시지가로 증여세 신고해도 법원 ""시가로 다시 세금 내야""",Economic
"한화솔루션 ""태양광 정상화로 수익성 개선""…유증 통해 재무부담 완화",Economic
다주택 임대업자 세무조사‥2천800억 탈루 의심,Economic
"산업부 ""러시아산 나프타 2.7만톤 오늘 국내 도착""",Economic
"거래소, 3월 폭락장에 ""불법 공매도 발견 안돼""",Economic
정부 압박에 가격 못 올리는데… 닭값 급등에 난감한 치킨 프랜차이즈,Economic
"한화그룹, 홍콩서 고려아연 지분 매각 추진 중... 한화솔루션 유증 자금 마련하나",Economic
"“빅테크들 2나노 중심으로 많이 찾아와”…삼성 파운드리, ASIC 열풍·공급병목에 러브콜 이어진다",Economic
결국 1520원 넘긴 원·달러…금융위기 후 17년만 처음(종합2보),Economic
중동 사태에 치솟는 기름값…에너지공기업 재무구조 개선 난감,Economic
"한화솔루션의 ‘답 없는’ 유상증자…“김동관, 주주에겐 리스크”",Economic
석유 최고가격제 통했다…美日보다 기름값 상승률 낮은 韓,Economic
"""백도어 우려""…'中로봇 철퇴' 나선 미국에 로봇주 '수혜' 전망",Economic
"원·달러 환율, 결국 1520원 넘었다…금융위기 이후 처음",Economic
"한인수 KAIST 교수 “터보퀀트, 모든 AI 모델 적용 가능…확산 빨라질 것”",Economic
"외국인 매도·고유가 겹치며… 환율 1520원 돌파, 천장이 안 보인다",Economic
“금 대신 ‘이것’ 사라”…증권가 콕 찍은 투자처,Economic
"중동발 불안에 환율 1,520원 넘어…금융위기 이후 처음",Economic
“주인 바뀐 뒤 매출 63%↑”…17년차 점주가 짚은 맘스터치의 전환점 [인터뷰],Economic
중동 전쟁에 종량제봉투 판매 네 배로…기후부장관 “만약의 상황 오면 일반 봉투 허용”,Economic
"방미통위원장 ""BTS 넷플릭스 중계, 부정적으로만 볼 일 아냐""",Economic
[투자 노하우] 성과 없는 협상론에 뉴욕증시 또 하락…다우 1.7%↓,Economic
"압구정4구역, 삼성물산 단독 응찰로 유찰…재입찰 수순",Economic
"""송파 세모녀 사건 다시 없도록""…주거급여법 개정안 소위 통과",Economic
"중동發 유가 폭등에 증시 흔들…""이익 보는 눈 더 중요해졌다""",Economic
제2의 말차는 ‘흑임자’? 주목받는 K-흑임자 라테 [식탐],Economic
중동 전쟁 '변동성 장세' 증권사 수익 '날개'…삼성·미래 '2조 클럽' 눈앞,Economic
삼성전자 “업계 최고 특별포상 노조에 제안”…노조는 꿈쩍안해,Economic
난청 신약 개발 나선 뉴라클사이언스…6월 임상 결과에 ‘사활’,Economic
1조 기대했는데 107억…'신용·심사·금리' 자영업 대출 대환 막았다,Economic
"코웨이, 시몬스·에이스 60년 아성 깼다…침대 시장 1위 등극",Economic
중복상장 금지에 PE업계도 멘붕…회수 길 막히고 투심 급랭,Economic
'유니버스' 해체 후 선회한 G마켓·쓱닷컴…경쟁 구도 '제로섬'으로,Economic
삼성도 뛰어든 얼음정수기 시장…두 달여 만에 또 신제품 낸 LG,Economic
[뉴욕증시 전략] M7 5일간 '1700조원' 증발…뉴욕증시 조정장 진입,Economic
"비트코인 '상승 베팅' 폭증…""하락 신호"" 이유가?",Economic
중동 정세·마지막 FOMC 남은 파월…코스피 야간선물 주목,Economic
"새 출발하는 애경산업, 문제는 '중국'과 '스킨 케어'",Economic
"퇴직 은행원 재채용 확산…""조기퇴직 부추겨"" vs ""생산성 제고""",Economic
흑석동 국평 분양가 30억...치솟는 가격에 한숨만 '푹푹',Economic
휘발유 전국 최고가 '2498원' 나흘째↑…서울 경유 1900원 돌파,Economic
"증시 악재 한꺼번에...""월요일만 되면 돈 삭제"" 개미들 공포",Economic
"전쟁에 흔들린 증시, ETF가 변동성 더 키웠다… 코스피 3% 하락",Economic
'경쟁사회 민낯'을 게임으로...배틀그라운드 왜 다시 인기인가,Economic
러시아산 나프타 확보…'2.7만t' 들어온다,Economic
유통·재고·수요따라 가격 달라 혼란 키우는 ‘석유 최고가격제’,Economic
HMM 이사회 ‘부산 이전’ 의결… 9부 능선 넘었다(종합),Economic
[단독] HBM 매출 3배…삼성 영업익 40조 눈앞,Economic
[애프터마켓 브리핑] 전기차 보조금 확대·유가 급등 2차전지 호재,Economic
"삼천당제약, 美 업체와 경구용 비만·당뇨 치료제 독점 계약",Economic
"[단독] ""2년간 조사 1건뿐""...중개 카르텔, 알고도 못 잡았나",Economic
"‘사재기’ 말고 ‘덜 버리기’···비닐·플라스틱 없이 사는 삶, 그래도 불편하지 않다",Economic
양도세 중과 앞두고...서울 아파트 매물 두 달 새 40% 급증,Economic
재무개선 수단으로 ‘자산 재평가’ 확산…저PBR 정책에 속도 더 붙을까,Economic
"HMM, 부산 이전 강행 수순…5월 주총서 최종 결정",Economic
"'2배 수익' 500만원→130억 맡긴 고객도...""지금 투자할 곳"" 영PB들 찍었다",Economic
"고유가·고환율에 짓눌린 증시…증권가 ""반도체주 유효, 항공주는 타격""",Economic
"삼천당제약, 美 ‘경구용 GLP-1’ 독점 계약…“순이익 9:1배분”",Economic
[단독] 프라이팬·냄비까지 소비재 물가도 뛴다,Economic
"""축의금 얼마나""…결혼 식대 '코스식' 평균 11.9만원, '뷔페식'은?",Economic
믿었던 美 클래리티법도 '암초'…비트코인 6.5만불 터치,Economic
"환율 1520원 돌파, 코스피 3% 가까이 하락⋯중동전쟁 여파 이어져",Economic
"한창제지, 액면병합∙자산재평가 투트랙…실적은 '시험대'",Economic
주총 시즌 마무리...'자사주 소각' 피하는 정관변경 늘었다,Economic
수원 탑동 이노베이션밸리 첫 삽…첨단 R&D 도시 미래 연다,Economic
중동 알루미늄 생산시설 피격에…삼아알미늄 7%↑[핫종목],Economic
‘전쟁 직격탄’ 코스피 3일 연속 하락…5200선으로 후퇴 [투자360],Economic
"코스피, 중동 긴장 고조에 3%가량 하락 5,270대 마감",Economic
美의회 ‘적성국 로봇 사용금지법’ 발의…中 견제에 韓 호재,Economic
가을에 팔 채소가 없다…비닐 대란에 대형마트 비상,Economic
중동발 불안에 코스피 2.97% 내린 5277.30 마감…장중 한때 5%대 급락,Economic
"""집에만 있던 남편, 다시 지점장"" 눈물의 다림질...'후반전' 뛰는 퇴직 은행원",Economic
"삼성·SK하닉, 올 첫분기 영업익 70조 넘나…'고수익 구조' 굳힌다",Economic
"""자잿값 40% 뛰고 그마저도 수급 불안""…건설현장 '4월 위기설' 확산",Economic
이란 전쟁 장기화에 코스피 3% 급락…유증 논란 한화솔루션은 2.7% 올라,Economic
고액 주담대 가산금리 오른다…4월부터 최대 0.25%p↑,Economic
"트럼프 ""이란 석유 장악"" 언급에 코스피 한때 5% 하락",Economic
"삼성전자 ""업계 최고 보상 제시했는데⋯"" 교섭 중단 입장 표명",Economic
정부 ‘부동산 보유세’ 카드 쓸까…진성준 “7월 세제개편 포함 가능성 상당”,Economic
"복합 위기에 허리띠 졸라 맨 유통사...투자, 고용 다 줄였다",Economic
"삼전·하이닉스 약세 마감...증권가 ""매수기회""",Economic
[르포] “1.3조원 한강뷰 프로젝트” 대우건설·롯데건설 격돌…성수4지구 현장 가보니,Economic
"""반도체 볼모, 이기적 처사"" 삼성전자, SK하닉 넘어서는 '특별포상금' 제안했건만...",Economic
"대한항공, 1분기 실적 개선 전망…증권가 “항공우주·방산, 중장기 축”",Economic
"한화솔루션, 유증으로 태양광 반등 노린다…""1분기 흑자 전환 기대""",Economic
오락가락 트럼프에 코스피 한때 5% 급락…증시 충격파,Economic
"""전쟁 여파 못 피했다""…코스피 3% 하락, 환율 1515.7원",Economic
다음 달 수도권 2.3만 가구 분양…서울 장위·노량진·이촌에 공급,Economic
"산업부 ""러시아산 나프타 첫 확보…2.7만톤, 오늘 도착""(종합)",Economic
"삼성 노조, ""경쟁사보다 더 준다""는 파격 제안도 거부",Economic
"[단독]롯데·신세계, 시설투자 20% 줄였다...점포 '옥석가리기'",Economic
반도체 투톱 ‘삼성·SK하닉’…주가 부활 신호탄 노린다,Economic
한화솔루션 ‘유증’ 논란 일파만파…안철수도 비판,Economic
"삼성물산, 압구정4구역 단독 입찰… 1차 유찰로 재입찰 불가피",Economic
중동전 이후 코스피 15% ‘급락’… 美日보다 낙폭 컸다,Economic
"“전세금은 굴리고, 세금은 숨겼다”… 3,141채 뒤 2,800억 탈루 정조준",Economic
"[주총 포커스] 대성하이텍, 자본전입 카드…방산 신사업 본격화",Economic
비강남 국평 분양가가 28억…비싸도 이어지는 ‘완판’ 행렬,Economic
"""SK하이닉스보다 더 준다는데""..협상 중단한 삼성 노조, 왜?",Economic
"연봉 '절반'에 고급인력을...2000명 희망퇴직, 1000명 다시 뽑는 은행권",Economic
"“전업 남편, 집안일도 안 하면 어떡하니”…‘외벌이’ 아내가 가사 노동도 1.5배 더",Economic
"“AI+스테이블코인, 4년 뒤 4000조 돌파…네이버·두나무 주목”",Economic
도시가 공장 된다 … AI로 제조 대전환,Economic
방산·원전으로 제조업 재건 속도…SMR 중심 생태계 복원,Economic
"코스피, 외인 2조 '팔자' 5200선까지 밀려…환율 1515원↑",Economic
현대위아 '열·동력' 잡고 미래차 주도권 노린다,Economic
"산단 품은 대학… 국립창원대,미래인재 키운다",Economic
"엔비디아·AMD 러브콜…삼성전자, HBM4·파운드리 동시 반등",Economic
"'영업익 10%'도 안 통했다…삼성 노사, 파업 긴장 고조",Economic
"현대로템, 지상 넘어 우주로…종합 방산기업 도약",Economic
시끄러운 종량제 봉투… 전쟁통에 중고 플랫폼 ‘불법거래’ 횡행,Economic
"""이미 본업 적자인데""…중동사태 추가부담 카드업계 '울상'",Economic
3기 신도시 광역철도 순항 … 창릉·왕숙·교산지구 철도망 내년 착공,Economic
"코스피, '중동 확전 우려'에 3% 가까이 하락... 5270대 마감",Economic
“아파트보다 더 인기네”...서울 오피스텔값 14개월째 상승,Economic
"트럼프 ""이란 석유장악"" 언급에 코스피 한때 5%↓…증시 충격파(종합)",Economic
"코스피, 중동 전쟁·유가 급등에 2.97% 하락…외국인 8거래일 연속 순매도(종합)",Economic
"“중동 리스크, 지긋지긋하다”…코스피 3% 급락, 외국인 2조 던졌다",Economic
'호르무즈 봉쇄 한달' 수백억 손실…항공·해운 2Q부터 손실 본격화,Economic
“도저히 못 버티겠어요”...치솟는 기름값에 전기차 ‘불티’,Economic
"코스피, 중동 긴장 고조에 3%가량 하락 5,270대 마감(종합)",Economic
공매도 중앙점검시스템 1년…불법 공매도 76건 적발·금융당국 통보,Economic
'중동 확전 공포'에 원·달러 환율 6.8원 오른 1515.7원 마감(상보),Economic
"삼성전자 업계 최고 보상 제안에도⋯노조, 교섭 중단",Economic
[강승구의 알뜰신잡] 일해도 연금 줄던 구조 손본다… 감액 구간 일부 폐지,Economic
"롯데쇼핑, 그로서리 반전 카드는 '오카도'…8월 가동이 분수령",Economic
"차량 5부제, 35년 만에 부활 가능성…유가 파동 해법 될까",Economic
"[외부감사 진단] GS건설, 2년간 신사업 '2000억' 손상차손",Economic
"한화솔루션, 2.4조 유증 후폭풍…사외이사도 전원 주식 매입",Economic
중동 전쟁 확전 우려에 국내 증시 하락 마감…코스피 5200선,Economic
유통 넘어 주거로 확산된 ‘플래그십’…지역 시세 가르는 기준됐다,Economic
"임대주택도 함께…GH, 광명시흥에 '직주복합' 지산 3호",Economic
"KCC·노루 등 페인트 5사 '가격 담합' 조사…""최대 55% 기습 인상""",Economic
글로벌 밸류업 선언한 오뚜기…3세 승계 시험대 된 북미 시장,Economic
"원·달러, 3거래일째 1500원대에…6.8원 오른 1515.7원 마감(종합)",Economic
"캐나다 적자에도…당근, 200억 추가 투입",Economic
HMM '부산 이전' 이사회 의결... 5월 8일 임시주총,Economic
챗GPT·제미나이 때문에 포털 죽는다더니…오히려 왕좌 지킨 네이버,Economic
원·달러 환율 연장 거래서 1520원대 진입 [김혜란의 FX],Economic
하루새 휘발유 값 214원 올린 주유소…산업부 장관 불시 방문 “엄정 대응”,Economic
"중동 전쟁 장기화에 악재만... 코스피 2.97%↓ 5,270선 지켜",Economic
"AI 장기화에 닭고기 공급 적신호…치킨업계, 수익성 악화 인상 압박↑",Economic
"""정답은 북미""…K-뷰티, 글로벌 최대시장 오프라인 공략 '속도'",Economic
[ET톡]나프타 공급망 다변화로 위기 대비해야,Economic
"""4월 월급이 갑자기 왜 줄었지?""…직장인, '이것' 확인해야",Economic
"성과급 3억 넘기도...""베테랑 필요해"" 퇴직 은행원 다시 모셔온다",Economic
"코스피 2.97% 하락 마감...환율 1,515.7원 '고공행진'",Economic
"“하루 한두 잔의 커피 섭취, 대사증후군 위험 15% ‘뚝’",Economic
"코오롱글로벌, 부산 ‘엄궁역 트라비스 하늘채’ 4월 분양",Economic
'주주가치 제고' 골든타임…코스피 출렁여도 정부는 속도 낸다,Economic
"HMM, 5월 임시주총서 부산 본사 이전 추진… 노조 반발",Economic
"공사비 인상 명분된 이란전쟁… ""깜깜이 증액 우려""",Economic
1500원대 굳힌 달러·원 환율…일주일 만에 1515원 돌파(종합),Economic
"""치킨 1000마리 쏩시다!"" 충주맨 기습 제안에 윤홍근 회장 '흔쾌히 수락'",Economic
"삼성전자, 중급형 AP 시장도 공략…올해 AP 점유율 반등 주목",Economic
"4대 금융, 감액 배당 잇따라 도입…밸류업 경쟁 불붙었다",Economic
"중동전쟁 여파 속 페인트값 줄줄이 인상…공정위, 담합 조사 착수",Economic
"거버넌스포럼 ""한화솔루션 유증, 이사 충실의무 위반 가능성""",Economic
"고유가에 주유소 ""카드수수료 내려"" vs 금융위 ""절대 불가"" 팽팽",Economic
중동발 공급망 리스크 확대…반도체 핵심가스 '헬륨' 경고등,Economic
"롯데케미칼, 대산 합병으로 구조재편 승부수 …공정위·주주·수익성 '3대 변수'",Economic
서울시금고 둘러싼 신한·우리 재격돌…KB·하나 '참전' 변수될까,Economic
‘확전 공포’에 코스피 3% 가까이 하락…SK하닉 5.31% ↓,Economic
"""1차 물량 동나 가격 인상""...곧 기름값 '2천 원 시대'",Economic
코스피·닛케이 나란히 장중 '5.3%' 급락…중동에 아시아 휘청,Economic
"“자사주 처분계획, 모든 상장사들이 공시해야” 금융위 입법예고",Economic
"“지아이텍, ESS 수요·美 공장 가동 호재…실적 턴어라운드”",Economic
"박윤영 체제 KT, 쇄신 예고…해킹당한 신뢰 회복·AI 강화 신호탄",Economic
메모리 이어 산업용 반도체까지 가격 인상 도미노,Economic
"대한상의, 내달 1일 韓·인니 포럼 연다…대외 경제 행보 본격화 '속도'",Economic
홍해 막히면 원유 수입 '대체 경로'도 차단…원유 공급 차질 '비상',Economic
"환율 1520원 돌파·코스피 급락…정부, 비상 대응 총력전",Economic
외인 2조 던지고 개미 받고…코스피 2%대 내린 5200선 마감,Economic
'코스닥액티브·스페이스X'...ETF 중소형사 틈새공략 '적중',Economic
"신현송 한은 총재 후보 韓입국…“엄중한 상황에 지명, 막중한 책임감”",Economic
프레스티지바이오파마 1000억 CB 발행 '난항'…지원 나선 키움증권,Economic
[마켓뷰] ‘확전’ 공포에… 코스피 3% 급락·원화 가치 ‘뚝’,Economic
"""CEO가 직접 뛴다""… 삼성전자, ‘중동 리스크’ 현장서 돌파",Economic
[기획] 세제 혜택 받아 슈퍼카에 ‘펑펑’… 탈세 임대업자 철퇴,Economic
"[오늘증시]코스피, 유가 급등·전쟁 우려에 2.97% 급락…5277선 마감",Economic
"'사재기' 종량제 봉투 판매 5배 뛰자 직접 나선 장관 ""최악의 상황 온다면…"" [자막뉴스]",Economic
"이란 전쟁 한달…""오일쇼크 이제 유럽으로 번진다""",Economic
증권주 급락에 보험주까지 동반 약세…주주환원 기대도 외풍에 밀렸다,Economic
"휴온스그룹, 분기 배당 실시…“전년比 주당 배당금 상향”",Economic
책임경영 위해 주식 샀지만…금감원 “주식 판 뒤 반년 내 되사면 차익 반환해야”,Economic
"삼전 1.89%↓·SK하닉 5.31%↓마감…증권가 ""매수기회""[핫스탁](종합)",Economic
"부국증권, 자사주 소각 전 배당성향 '껑충'…상속 재원 마련 의혹",Economic
"제주항공, 올해도 수송객수 1위 순항…회복탄력성도 입증",Economic
"삼성물산, 압구정4구역 재건축 단독 입찰…보증금 1000억 현금 납부",Economic
"'SK하닉 투자, 삼전까지 검토' CP 시장 금리 '뚝뚝'...""시장 안정화 효과""",Economic
"HMM, 이사회서 '부산 이전' 의결…노조 반발은 변수",Economic
"토허구역 양도세 골든타임 온다…""가격 허위 매물도 기승""",Economic
"코스피, 중동 확전 우려에 5270선 후퇴…낙폭은 줄여",Economic
"""미공개정보 아니어도 단기차익 반환""…금감원, 지분공시 '현미경 심사'",Economic
"""대한항공, 중동 전쟁에도 1분기 영업익 11% 성장할 것""",Economic
"HMM, 부산 이전 작업 본격화…노조 반발은 여전",Economic
"""연기금 투자→벤처 육성→국민과 수익 공유...'돈버는 국가' 만들어야""",Economic
"“방 2개면 충분해요”...서울 청약시장, 중소형 선호 뚜렷",Economic
'공사비 2.1조' 압구정4구역 유찰…삼성물산 단독 입찰에 재입찰 수순,Economic
"비만주사 '마운자로' 광풍, 이유 있었네",Economic
서울 경윳값 1900원 돌파…비상시 초과 유류비 전액 보조 추진,Economic
"[주총 포커스] 강스템바이오텍, 소통 부재ㆍ스톡옵션 논란에 '진땀'",Economic
'확전 공포'에 외인 2조 던졌다…터보퀀트까지 '겹악재',Economic
"“밥값만 12만, 3천만원 써야 결혼”… 李대통령 ‘스드메 비용 잡기’ 나설까",Economic
"‘세계 최대’ BYD, 안방 중국선 점유율 10% 붕괴… “출혈경쟁”",Economic
코스면 식대 1명당 11만9000원…내려가던 결혼비용 다시 뛰었다,Economic
"“자사주 1년 내 소각”…모든 상장사, 보유·처분 연 2회 공시",Economic
식대도 대관료도 ‘껑충’···최소 ‘이만큼’ 있어야 결혼식 올린다,Economic
"“4월 급여명세서보고 놀라지 마세요”…‘폭탄’이냐 ‘선물’이냐, 건보료 연말정산 관심",Economic
[중동 리스크]수출 막아도 부족하다…'나프타 대책' 실효성 논란,Economic
"고려아연 1200억 투자한 TMC, 순손실만 4800억원",Economic
유조선 운임 78% 뛸 때 벌크는 '제자리'…해운사 '수익성' 비상,Economic
"""올해가 마지막 무료 기회""…국중박, 내년부터 유료화하기로",Economic
변동성 증시에 ‘각개전투’…ETF 대신 개별 종목 담는 개미들,Economic
내년 예산 '역대급 칼질' 예고…대구경북 재정 확보 비상,Economic
"원·달러 환율, 6.8원 오른 1515.7원 마감",Economic
'1200만 야구팬' 잡아라…연 7% '야구 적금'에 카드 이벤트 '봇물',Economic
하이닉스 비중 30% 초과…‘TIGER 반도체TOP10’ 규정 위반 논란,Economic
"李대통령 ""에너지 문제에 잠 못 잘 정도…재생에너지 신속 전환""",Economic
"중동사태 장기화 우려, 금융권 비상대응…정책금융 ‘24.3조’로 확대",Economic
T커머스 1위 수성한 신세계라이브쇼핑… 문성욱 체제 힘 싣기,Economic
"금융권, ‘중동 사태’ 대응에 70조 이상 자금 공급",Economic
"하이퍼코퍼레이션, 자본잠식 해소 및 흑자전환 성공",Economic
하루 만에 214원 올리자...직접 주유소 찾아간 김정관 장관 [지금이뉴스],Economic
'중동사태' 금융당국 비상대응TF…은행 53조 지원·차 보험료 인하 검토,Economic
이억원 금융위원장 “중동사태 피해기업 정책금융 지원 24.3조로 확대”,Economic
[SK하이닉스의 승부수] ② 월가 자금 유입…투자자 지형 바뀐다,Economic
"""대출만기 연장, 차보험료도 할인""...중동위기 극복, 민관 힘 모은다",Economic
"금융당국, 중동發 위기에 비상체계 가동…5대 금융지주 '53조+α' 공급",Economic
'고유가' 차량 5부제 참여 車 보험료 할인·주유카드 '캐시백' 한다,Economic
아파트 수백 채 굴리며 전세금 이자 '꿀꺽'…임대업자 세무조사,Economic
"마른수건 짜는 석화업계, '불황·전쟁' 이중고 속 사업재편 총력",Economic
"기후장관 ""제주도 계통접속 제한 해제…재생에너지 2배 이상 늘린다""",Economic
"조일 KT스카이라이프 대표, 선임 사흘 만에 사퇴",Economic
"美 경제 석학 ""위안화, 5년 내 달러 대안 통화로 부상""",Economic
전쟁통에 슬쩍 가격 올린 KCC…공정위 '정조준',Economic
"""무역 재편했지만 공장은 못 살려""…트럼프 관세 1년 성적표",Economic
"50년 ‘축적의 시간’…대덕, K딥테크의 심장으로 부상 [최준호의 혁신창업의 길]",Economic
"하룻새 휘발윳값 214원 올렸다고?…산업장관, 주유소 ‘암행 점검’",Economic
"서울 휘발유 1천930원 육박‥""생필품 수급 최우선""",Economic
자사주 보유처분 공시 1% 미만 모든 상장사로 확대,Economic
"HMM, 이사회서 ‘본사 부산 이전’ 의결… 노조 “정부 압력에 굴복한 날치기”",Economic
"유가, ‘1990년 걸프전’보다 더 올랐다…“아시아 국가 큰 타격”",Economic
삼성전자 “업계 최고보상”…노조 “상한선 폐지”,Economic
"“삼겹살 990원, 생필품 반값”… 롯데마트 2주차 메가통큰 할인",Economic
"'서울시장 도전' 전현희 ""다주택자, 부동산 정책서 업무 배제""",Economic
글로벌 캐파 1위 삼바로직스 첫 파업 위기…글로벌 '공급망 셧다운'→중국만 호재,Economic
"HMM, 이사회서 ‘부산 이전’ 의결…최종 관문 ‘임시주총’ 5월 8일",Economic
“똘똘한 한 채가 대세?” 아파트 닮아가는 오피스텔,Economic
"""석유 불안, 배터리 재평가""…2차전지株, '나홀로 질주' [핫종목]",Economic
서학개미 주춤···RIA까지 더해지며 국내 '유턴'↑,Economic
‘강남·고가·대단지’부터 몸값 뚝뚝…강남 불패는 이제 옛말 될까?,Economic
"신현송 한은 총재 후보자 ""엄중한 시기에 막중한 책임감""",Economic
200채 세혜택 줬더니 탈루…강남 3구·한강벨트 '정조준',Economic
중동사태 구실로 가격 올린 페인트업계…공정위 ‘담합’ 조사,Economic
"하드웨어와 소프트웨어의 경계허문다… LG이노텍, ‘피지컬 AI’ 영토확장 가속",Economic
[KAI 대해부]③ '수주전 연패' 시험대 오른 항공·우주 경쟁력,Economic
"한화솔루션 유증에 ""재무부담 완화 긍정적""…1분기 흑자전환 기대",Economic
"[단독] '적자 늪' 빠진 삼성전자 TV사업부, 자회사 삼성디스플레이로 인력 이동 검토",Economic
"""순차입금 13조, 시총 2배 넘는데 과잉 투자 방치…한화솔루션 이사들 뭐 했나""",Economic
"SCL사이언스 ""2대주주 주주제안 철회로 경영권 안정 확보""",Economic
은행 대출이자 부담 낮출까…'코파'로 금리기준 바뀐다,Economic
"LG화학, 고부가 전자 소재 ‘더블업’…2030년 매출 2조 키운다",Economic
"[단독] 삼성, 도쿄에 싱크탱크 거점 세웠다…베이징 이어 두번째",Economic
초대형 IB 향하는 진승욱號 대신증권…‘우발부채 벽’ 넘을까,Economic
"'기술 CEO'의 승부수…LG화학, 전자소재 사업 2조 원으로 키운다",Economic
하루 만에 214원 올린 주유소 직접 찾아간 장관,Economic
"“컵·포장비닐 쟁여둬야 하나” 용기값 40% 급등···소공연, 대책 촉구",Economic
자사주 공시 모든 상장사로…6개월 내 매매 차익 반환,Economic
"하루 만에 214원 인상…산업장관, ‘기름값 급등’ 주유소 긴급 점검",Economic
러시아산 나프타 '2.7만t' 국내로 들어온다,Economic
서울 충정로·부산 명장에 신축 두산 We’ve 들어선다,Economic
"'한화에어로 유증' 두 번 반려했던 금감원, 한화솔루션은?",Economic
2조4000억 유상증자 단행한 한화솔루션… “채무·시설투자 부담 완화 기대”,Economic
코스피 5300선 와르르…환율 1510원 돌파,Economic
"롯데건설, 이촌 르엘 분양…4월 10일 1순위 청약",Economic
서울 중소형 아파트값 평균 15억 돌파…키 맞추기 현실로,Economic
"공정위, 페인트업계 가격 줄인상 담합 조사 나서",Economic
"서울 경유 1900원 뚫었다…정부, '가격 급등' 주유소 점검",Economic
GS건설 '아산탕정자이 메트로시티' 견본주택 1만명 방문,Economic
"삼성전자, 성과급 상한 넘겨도 '교섭 중단'…발목 잡힌 국가핵심산업",Economic
"HMM, 본사 부산 이전 이사회 결의…노조 ""쟁의권 확보 착수""",Economic
스타벅스도 뛰어든 '버터떡' 전쟁…유행은 짧고 경쟁은 치열,Economic
"하이퍼코퍼레이션, 관리종목 해제…작년 당기순이익 흑자전환",Economic
‘중동 전쟁 탓’ 페인트 업계 줄줄이 가격 인상…공정위 담합 조사 착수,Economic
삼성전자 업계 최고 보상 제안…노조 교섭 중단 이유는,Economic
서울 아파트값 상승폭 확대…강남구 매매가 2년 만에 하락,Economic
"구윤철 ""유가 더 오르면 차량 5부제, 민간으로 확대할수도""",Economic
'담합 논란' CD금리 역사속으로...지표금리 '코퍼' 비중 확대,Economic
“어째 축의금 5만 원으로는 빠듯하더라니”… 결혼비용이 먼저 뛰었다,Economic
먹는 약·영상·의사판단 AI가 통째 분석…치료→예방 '미래 의료' 성큼,Economic
"휴온스그룹, 분기당 200원·연간 800원 배당 계획",Economic
중동해역 발묶인 韓선원들…체류 장기화에 하선 증가,Economic
"삼성물산, 서울 압구정4구역 단독 응찰…보증금 1000억원 완납",Economic
"삼성전자, 노조와 임협 과정 이례적 공개…""실적 달성 특별 포상"" 제안에도 교섭 중단",Economic
"거버넌스포럼 “한화솔루션 유증, 주주 충실의무 위반 우려”",Economic
"국세청, 강남3구·한강벨트 다주택 임대업자 세무조사",Economic
"[토크ON] ① 롤러코스터 증시, 상법개정 영향은?",Economic
“결혼식 한 끼에 3600만원?”…보증인원 확대에 예식비 확 뛰었다,Economic
"[펀드매니저 리포트] 한화운용, 기술·글로벌 향하는 43명의 '설계자'",Economic
"국세청, 2800억 탈루 다주택 임대업자 세무조사",Economic
결혼식 평균 비용 '2139만원'…2개월 만에 다시 상승,Economic
시총 10조 기업이 10% 급락…널뛰는 변동성에 증권株 외면 [이런국장 저런주식],Economic
"삼성물산, 압구정4구역 입찰서 제출…1000억원 완납",Economic
"HMM, '본사 부산 이전' 이사회 결의⋯5월 8일 임시주총",Economic
"제일파마홀딩스, '한미 출신' 김현수 상무 영입…내실 경영 드라이브",Economic
상대적 빈곤율 15%대로 상승…‘빈곤선 이하’ 100명 중 15명꼴,Economic
시장에서 CD 금리 퇴출 수순… ‘코파’로 금리 기준 바뀐다,Economic
서울 전세 막히자 수도권 '눌러앉기'…갱신율 일제히 상승,Economic
月 30조 팔아치운 외국인…'네 종목'엔 2000억 이상 담은 이유,Economic
"수도권 아파트 굴리며 2천800억 탈세…국세청, 다주택 임대업자 15곳 세무조사",Economic
"대한항공, 부산에 2000억 투자해 무인기 제조거점 구축",Economic
'힐스테이트 선암호수공원' 선착순 계약..계약금 5% 적용해 자금 부담↓,Economic
KOFR 전환 속도전…CD금리 2030년 말 퇴출,Economic
"'국내 1위' 시몬스 발표에 코웨이 ""우리가 침대 1위""",Economic
‘내년도 예산안 편성지침’ 국무회의 의결… 金총리 “국민주권정부 첫 온전한 예산”,Economic
"KIWOOM 미국성장다우존스 ETF 상장...""나스닥100+S&P500 선별 투자""",Economic
"고려대의료원, 동탄에 ‘AI기반 미래병원’ 인 ‘제4고대병원’ 짓는다.",Economic
"“와퍼가 3900원”…버거킹 ‘발주 실수’ 대규모 할인 행사, 알고보니",Economic
"고유가 대응…미래에셋그룹, 전 계열사 ‘차량 5부제’ 도입",Economic
"'나프타가 원료' 페인트값 줄인상…공정위, 담합 의혹 조사 착수",Economic
"HMM 본사, 여의도에서 부산으로 옮긴다…이사회 통과",Economic
"에어서울, 작년 영업손실 75억…1년 새 '적자전환'",Economic
"764채 아파트 굴리며 탈세…국세청,15개 업자 총 2800억원 규모 세무조사 착수",Economic
"금호건설, ‘계양~강화 고속국도 건설공사(4공구)’ 수주",Economic
"NHN, 벅스 매각 실패",Economic
지난해 국토면적 여의도 4.3배 만큼 늘었다,Economic
"HMM, 이사회서 '부산 이전' 의결…5월8일 임시주총",Economic
"""점심값 아끼자!"" 고물가 시대 '거지맵' 열풍 [앵커리포트]",Economic
위장 취업 범죄에 뚫린 고객센터…IT 업계도 긴장,Economic
"“200원 급등 주유소 적발”…정부, 시장 점검 강화",Economic
"'사면초가' 루센트블록, 포석 놨다…'조각투자 재진입' 노림수",Economic
충남 아산 등에 미래산업 6개사 2조 5547억 투자,Economic
"한화솔루션, 유상증자로 승부수…재무 개선·미래 기술 다 잡는다",Economic
"고려대의료원, 동탄에 'AI 네이티브' 새 병원 세운다",Economic
"AI 여파에 생닭값 오르는데 치킨은?…""가격 인상 검토 안해""",Economic
시장서 CD금리 → KOFR 전환 가속화…2030년 70%까지 확대,Economic
콜레스테롤 관리 공식 대전환,Economic
"투자 고수들, 유가 뛰자 서둘러 쓸어담았다…'뭉칫돈' 몰린 종목 [마켓PRO]",Economic
"강남아파트 수백채 굴려 탈세···국세청, 임대업자 세무조사 착수",Economic
"""1차 최고가 물량 동났다"" 본격 인상...서울 기름값 1,900원 돌파",Economic
"오스코텍, 주주연대 이사회 진입…""불확실성 해소하고 주주가치 제고""",Economic
"정부, '기름값 급인상' 주유소 불시점검…하루 만에 214원↑",Economic
"""직접 경험하라""…하림, '장인라면' 식당 내고 외식업 정조준[only이데일리]",Economic
"HMM, 이사회 열어 ‘본사 이전’ 안건 처리...노조 “총력 투쟁”",Economic
다시 높아진 상대적 빈곤율…100명 중 15명 ‘빈곤선 아래’,Economic
"코스피 낙폭 줄이며 5,200 회복...환율 여전히 1,510원대",Economic
“4월 월급 왜 줄었지?”…건보료 정산에 1030만명 평균 20만원 더 냈다,Economic
내년 예산 최대 800조 육박 전망…의무지출도 손댄다 '첫 10%↓'(종합),Economic
치킨값 또 오르나?…닭고기 소매가격 16% 치솟아,Economic
DL이앤씨 컨소시엄 '구리역 하이니티 리버파크' 분양 일정 돌입,Economic
"'현금왕' 현대차, 잉여금 97% '잠긴 돈' 주주환원은?",Economic
‘비트코인 7만 달러 이탈’…유가·금리·규제 변수에 투심 위축 [크립토브리핑],Economic
"[단독] 마른수건 짜는 철강업계… 동국제강, '차량 5부제' 초강수",Economic
“지금 절대 들어가지 마라” 노후자금 다 녹는다...“5일 만에 1700조 증발” 믿었던 M7의 배신,Economic
"한투운용, ACE K수출핵심TOP10산업액티브 ETF 내일 상장",Economic
[크립토 24] '토큰화 주식' 투자자는 주총에 초대 받지 못한다?⋯해결책은 '네이티브 토큰화' 방식,Economic
"아이엠티, 주총서 주주와 질의응답…""SK하이닉스에 HBM용 세라믹 기판 공급중""",Economic
"""하닉보다 성과급 더 주겠다""…그래도 걷어찬 삼전 노조",Economic
“업자 1명이 247채 굴리며 이리저리 빼먹어”…임대 사업자 15곳 세무조사,Economic
“결혼식 한 번에 2139만원” 웨딩 물가 다시 상승세,Economic
미래에셋 전 계열사 ‘차량 5부제’…에너지 절감 동참,Economic
"SK증권, ‘헤지펀드 운용 전략 결합’ 공모펀드 단독 출시",Economic
"곽동신 한미반도체 회장, 30억 규모 자사주 추가 매입",Economic
"우리금융, 청년미래이음대출 신설…우리미소금융 1000억원 출연",Economic
"우리금융, 청년미래이음대출 신설...""1천억 추가 출연""",Economic
"곽동신 한미반도체 회장, 내달 30억 규모 자사주 추가 취득",Economic
"한화솔루션, 사외이사 주식 매입…유증 지원사격",Economic
"LG화학 김동춘, 주총 전 자사주 1억 직접 매입",Economic
통합연금포털서 퇴직연금 ‘수수료 비교’ 가능해진다,Economic
늘어나는 무인매장 범죄에…에스원 ‘AI 보안 솔루션’ 도입 늘었다,Economic
2500억 주식 판다는 전인석 삼천당제약 대표 “인슐린 주사 100% 대체할 것”…주주들은 송곳 질문,Economic
"""직원 92% 취약계층"" 이 착한 회사가 못 오른 나무 [ESG 1.5개월②]",Economic
"美, 지상전 준비에 '친이란' 후티 참전 까지…전쟁 판 커지나?",Economic
'TSMC 반사이익'…삼성 파운드리 흑자 빨라진다,Economic
"페트로차이나, 원유 가격 하락·수요 부진으로 지난해 실적 악화",Economic
"휴온스그룹, 분기배당 실시…""주주환원 확대""",Economic
중동전 확전 우려…미국·이란 간극 너무 컸나?,Economic
"하나금융, 재건축·재개발 조합설립인가 12억 초과 주택까지 ‘연금’ 서비스",Economic
"삼성물산, 압구정 4구역 재건축 입찰 보증금 1000억 현금 완납",Economic
“한화솔루션 아닌 ‘한화트러블’”…확산되는 유증 파장,Economic
"""국중박, 내년부터 돈 내고 보세요""…입장료 18년 만에 현실화",Economic
"힐스테이트 선암호수공원, 선착순 계약 진행",Economic
"2차 최고가제 시행 후 하루 만에 200원↑…정부, 주유소 범부처 합동점검",Economic
"국토부, 하자판정 상위 건설사 명단 공개...1위는 '이곳'",Economic
"“1인당 4500만원 쐈다”... 토스증권, 183명에 83억 스톡옵션 부여",Economic
내년 의무지출 10% 감축...교육교부금·기초연금 '칼질' 대상,Economic
"삼성전자, DS 성과급 상한 폐지 제안에도 교섭중단",Economic
"20년만에 한국노총 만난 산업장관 “중동위기 비상국면, 노사갈등 휴전하자”",Economic
"한미반도체 곽동신 회장, 30억 자사주 추가 취득",Economic
소아·청소년 손상 사망 53.9%가 자해·자살 때문,Economic
"LS전선, 지난해 역대 최대 실적…""2030년 10조원 달성""",Economic
“오늘 점심도 그냥 편의점 가야겠네”…자장면·칼국수 줄줄이 인상에 직장인들 ‘한숨’,Economic
‘뷰티 CES’서 빛난 'K뷰티'…유럽내 입지 키운다,Economic
"알체라 최대주주 황영규 대표, 160만주 추가 확보",Economic
"동부건설, 2026년 신입사원 공개채용…역대 최대 수주 기반 인재 확보",Economic
"롯데건설, 이촌 르엘 4월 분양…사이버 견본주택 개관",Economic
"주가 19만원→1만원…금양, 2년 연속 감사의견 거절에 상폐 '초읽기'",Economic
"산업장관, 하루 만에 휘발윳값 214원 올린 주유소 불시 방문…“엄정 대응”",Economic
"""45초당 1대 뜨고 내린다""…인천공항, 하계 운항 확대",Economic
"정부, 최고가격제 급등 주유소 긴급 점검…214원 인상 적발",Economic
중동 전쟁 내세워 가격 올린 페인트 업계…공정위 '담합' 조사,Economic
“시중은행 이탈 자금 챙기자”… 연 3%대 예금 내놓는 지방銀,Economic
"상장 후유증 겪은 더본코리아, 리스크 털고 재도약 시동건다",Economic
美 공공 하수처리장에 韓 기술 첫 진출…'이 회사'가 해냈다,Economic
“SK하이닉스보다 더 주겠다”…그래도 걷어찬 삼전 노조,Economic
"국토부, 남원역 사망사고에 “승차 시도 중 낙하 추정…철저히 규명”",Economic
[이슈톺] 韓 증시 시총 '687조 원' 증발...터보퀀트까지 '겹악재',Economic
"이사회 새판짠 오스코텍, 제노스코 문제도 소액주주와 매듭",Economic
"신일전자, 정윤석 대표 재선임…주주환원도 확대",Economic
"유가 50% 폭등…나프타 쇼크, 자동차·반도체로",Economic
"리드코프, 배당금 50% 인상…“안정적 수익 기반 주주환원 본격화”",Economic
"'우주항공산업 관문' 사천공항 하늘길 확대…섬에어, 김포 노선 취항",Economic
"다시 손 잡는 북·중…에어차이나, 평양 노선 다시 띄워",Economic
韓 '상대적 빈곤율' 15%대로↑…66세 이상 은퇴연령은 38%,Economic
"“종량제 없으면 일반 봉투 허용” 기후부, 사재기 차단",Economic
"""4천원에 김치찌개 사먹었다""…가성비 거지맵에 청년들 열광",Economic
"하루 만에 210원 올린 주유소에 장관 떴다…""불합리한 인상 엄정 대응""",Economic
"LG유플러스, 전 고객 유심 교체·업데이트 안내 문자 발송",Economic
"호르무즈해협 '트럼프해협'으로 바꾸나…트럼프 ""이란 석유 원해""",Economic
하루 만에 휘발윳값 214원 올린 주유소 찾아간 김정관 장관,Economic
"김동관 참여에도 정치권도 가세, 한화솔루션 유증 논란 왜?",Economic
"현대건설, 압구정 수주전 본격화…'OWN THE' 전략 공개",Economic
중동전쟁 내세워 가격 올린 페인트업계…공정위 '담합' 조사,Economic
"펄어비스, '붉은사막' 기대 이상 흥행에 17%대 급등…5거래일 연속 상승",Economic
"삼성전자 노조, 업계 최고 보상 제안에도 교섭 중단",Economic
"잘나가던 K-뷰티, 나프타 변수에 원가 부담↑…추경 지원 절실",Economic
"환율 1,510원대 '돌파'‥코스피 한때 5%대 '급락'",Economic
"업계 최고 보상도 외면한 노조…삼성전자 ""매우 안타깝다""",Economic
"금융위 ""KOFR 거래비중 2030년 70%로 확대""",Economic
"롯데건설, ‘이촌 르엘’ 30일 사이버 견본주택 개관",Economic
강남 아파트 등 247채 굴리며 탈세…임대업자 세무조사 착수,Economic
"LGU+, 유심 교체 절차 본격화…안내 문자 발송 시작",Economic
"정부, CD금리 2030년 중요지표 해제…KOFR 중심으로 지표금리 개편",Economic
“이젠 카드도 ‘덕질’ 시대”…카드사 ‘팬덤 쟁탈전’ 격화,Economic
패밀리오피스 경쟁 2라운드…슈퍼리치 넘어 '중간층' 공략,Economic
"“美 성장주에 투자”…키움운용, ‘한국판 SCHG’ 출시",Economic
"2년 전 악몽 또 터지나…""공장 멈출 판"" 삼성·SK 초긴장 [테크로그]",Economic
‘KOFR’ 중심 지표금리 개편 속도…파생·채권·대출시장 전반 손질,Economic
"금융당국, 지표금리 대전환…KOFR 중심 재편, CD·코리보 단계적 퇴출",Economic
"한노총 만난 산업장관 “노사 갈등, 당분간 휴전하자”",Economic
2030년말 CD금리 중요지표서 해제…KOFR 거래 비중 70%로 상향,Economic
CD금리 2030년 중요지표서 빠진다…KOFR 비중 70%까지 확대,Economic
"오스코텍, 새 이사회 출범…수권주식수 확대는 남은 과제",Economic
"농협손보, 국민성장펀드 1호 ‘리벨리온’에 100억 투자",Economic
"나프타 수급 불안에 '러시아산' 급부상…정부, 첫 수입 사례 보고",Economic
"CD금리 중요지표 4년후 해제, 코픽스 대체..당국, 적정성 들여다본다",Economic
"CD금리, 2030년 퇴출된다…KOFR 위주로 지표금리 개편",Economic
"이찬진 금감원장 ""軍 급여 관리 잘하면 전역 후 출발선 달라져""",Economic
수도권 집값 상승 조짐에 ‘이천 중리 금성백조 예미지’ 대안으로 떠올라,Economic
"""대출 금리 기준 바뀐다""… KOFR 확대·CD금리는 2030년 폐지",Economic
"軍월급 오르니 도박으로… 금감원, 훈련병부터 맞춤형 금융교육",Economic
"재고 털지도 않았는데 기름값 216원 '급등'…""시장 교란 엄정 대응""",Economic
‘검단호수공원역 파라곤’ 견본주택에…3일간 2만4000여 명 인파 몰려,Economic
서울 청약 ‘국평 쏠림’ 4년째…85㎡ 이하 경쟁률 36.8대1,Economic
결혼비용 다시 뛰었다…식대·대관료 인상에 부담 확대,Economic
“오픈 첫 주말 인파 줄이어…청약 흥행 예고” ‘아산탕정자이 메트로시티’ 견본주택 북적,Economic
"“다이소까지 이럴 줄은 몰랐다”...비닐봉투 ‘품절, 또 품절’ 대체 왜",Economic
"“혈세 제대로 쓰겠다”…김 총리, 2027년 예산안 편성지침 국무회의 의결",Economic
"현대건설, 신길뉴타운에 2번째 힐스테이트 단지 짓는다",Economic
"결혼 비용 다시 상승… 평균 2139만원, 대관료 16.7%↑",Economic
"'종량제봉투 대란' 우려, 김성환 장관 ""재고 충분, 가격 인상 없다""",Economic
“4월 월급 왜 이래” 건보료 폭탄 대상은 누구?,Economic
"박상신 DL이앤씨 대표, 상대원2구역 찾아 “최고 랜드마크 만들겠다”",Economic
"삼성전자 ""경쟁사 이상 성과급 제안...노조가 거부""",Economic
이란 전쟁發 고유가에 여름 휴가도 근거리로,Economic
"기관 ‘사자’ 전환…코스피, 낙폭 줄여 5200선 회복",Economic
"“봉투부터 막혔다”… 종량제 구매제한·포장재 줄인상, 생활물가 먼저 흔들렸다",Economic
하태경 원장 “AI가 결제하는 시대…보험료·보험금도 크립토로 바뀐다”,Economic
삼성전자 초기업노조 조합원 수 7만명 돌파,Economic
"분양가상한제 적용…DL이앤씨 '아크로 드 서초', 31일 청약 돌입",Economic
"""세제혜택 누리면서 탈세""…강남 3구 등 다주택 임대업자 조사",Economic
"[단독]CJ이재현 회장이 픽한 '올리페페', 여의도IFC몰에 2호점 오픈",Economic
"기름값, 자고 일어나니 '급등'…""엄정 대응""",Economic
"한라캐스트, 정기주총 개최…""올해 로봇 시장 공략 본격화""",Economic
내년 정부예산 800조원 육박…'적극재정' 유지하되 의무지출 10% 줄인다,Economic
"이란 전쟁에 흔들리는 원·달러…WGBI, 구원 투수될까",Economic
"한화솔루션 ""4년간 주주환원 6000억 배정""",Economic
'터보퀀트' 쇼크에 반도체 직격탄… 코스피 4%대 급락,Economic
"""이렇게 맛있는 걸 몰랐다니”…美, 수출하던 닭다리살 뒤늦게 인기",Economic
"SCL사이언스, 2대주주 주주제안 철회로 경영권 안정 확보",Economic
"""자고 나니 200원 쑥?"".. 기름값 올렸다가 산업부 장관 대면한 주유소",Economic
공항 출국세 7000→2만원 역대 첫 인상…“장기간 현저히 낮아”,Economic
"강남 등 아파트 240채 굴리며 탈세…국세청, 임대업자 세무조사",Economic
[피노 줌인]① 삼성SDI 손잡고 700억 조달…이차전지 확장 승부수,Economic
네이버 'N배송' 거래액 1년만에 71%↑…쿠팡 '로켓배송' 대항마 부상,Economic
"결혼비용 평균 2,139만원…다시 상승세로 전환",Economic
"변동성 커지자 오히려 초과수익 낸 KODEX ETF, 분배금도 증액",Economic
"국세청, 다주택 임대업자 정조준…2800억 탈루 의심 세무조사",Economic
“지금 안 사면 늦는다”…‘2000원 공포’ 선 넘는 기름값에 3만명 쓸어갔다,Economic
오타니 열풍 타고…다저스 구장에 ‘유니클로 필드’,Economic
"""2026 경제위기? 기회!"" 부자아빠가 콕 집은 투자 전략",Economic
결혼 비용 다시 늘었다…대관료-식대 인상에 평균 2139만원,Economic
사재기는 사실이었다…종량제봉투 판매량 급증,Economic
"결혼식 비용 2139만원… 강남은 3.7% 하락, 제주는 19% 상승",Economic
[직설] 美 지상군 투입 가능성 고조…긴박하게 흘러가는 중동 상황은?,Economic
[시장 따라잡기] 개인 지난주만 12조 순매수…'육탄방어' 결과는?,Economic
"""아파트 대체재로 뜬다'""…서울 오피스텔 가격 14개월 연속 상승",Economic
"[티타임]코스피, 5200선 붕괴 후 반등 성공…5278선 회복",Economic
대통령 규제 강화 의지에···‘강남3구·한강벨트 다주택 임대업자’ 대대적 세무조사,Economic
"일라이릴리, AI 신약개발 기업과 2억7500만달러 라이선스 계약",Economic
"오스코텍, 창업주 해임 1년만에 주주 갈등 봉합…분쟁 불씨는 여전",Economic
기름이 모자라면 우리라도 믿으라고…국내 신재생에너지 관련주 동반 강세 [매경 자이앤트],Economic
‘WGBI 편입’ 원화값 안정될까…“즉각 강세 전환은 어려워”,Economic
"주식 사봐도 안되고, 채권도 손해나고, 금값도 빠지는데…나홀로 꿋꿋한 ‘이것’",Economic
"건강보험료 정산에 4월 월급 흔들…늘거나, 줄어들거나",Economic
"국세청, 2800억 세금 탈루 다주택 임대업자 세무조사",Economic
“T멤버십 뭐가 뭔지 모르겠다고?...이 노래 들어봐”,Economic
"자사주 공시, 전 상장사로 확대…보유·처분 내역 더 투명해진다",Economic
"곽동신 한미반도체 회장, 30억 자사주 추가 취득",Economic
"[현장] 샤힌 프로젝트 완공 앞둔 에쓰오일…주총장선 ""배당 확대 필요"" 목소리",Economic
나프타 수급난에 건설현장 '비상'…주택 공급 지연 불안,Economic
지난달 결혼비용 다시 상승…식대·대관료 인상 영향,Economic
"""울고 싶은데 뺨 맞았다""…삼전·하닉, 언제까지 떨어지나",Economic
"NH농협손보, 리벨리온에 100억 지분투자…'K-엔비디아' 육성 동참",Economic
"[칩톡]""차세대 HBM 게임 체인저""…K-패키징 강호들 '하이브리드 본딩'에 소매 걷었다",Economic
"""상업용 부동산 매입 의지 역대 최고""…서울, 아태 선호 '3위'",Economic
"아이엠티, 주주 소통 강화 속 성장 전략 구체화…HBM 기판·원천기술로 도약 가속",Economic
내년지출 ‘27조+α’ 감축…관행적 사업에 ‘메스’,Economic
코스닥 액티브 ETF 초반 성적 '부진'…패시브 ETF보다 수익률 떨어져,Economic
연준 내부서 '금리 인상' 거론…이란 전쟁이 바꾼 셈법,Economic
"""자사주 공시, 모든 상장사로 확대""…소각 의무화 후속 조치",Economic
CB·BW도 지분공시 대상…누락 땐 과징금 10배,Economic
[뉴스특보] 중동 긴장감 고조…국제유가 다시 급등,Economic
아파트 247채 굴리며 탈세…악질 임대사업자 정조준,Economic
'상대원2구역 사수하자'…주말에 대표까지 달려간 DL이앤씨,Economic
"""책임경영 위해 반년내 되샀어도…차익 반환해야""",Economic
'벚꽃분양' 시작…다음달 아파트 분양 전국 4만380가구,Economic
'자사주 공시' 전체 상장사로 확대…수량 관계없이 의무공시,Economic
"강남 아파트 등 247채 굴리며 탈세… '2,800억 탈루' 15개 임대업자 세무조사",Economic
"강아지 목 통증, 그냥 넘기면 위험…급성 사지마비 부를 수도",Economic
"밸로프, 주주총회서 액면병합 가결",Economic
"한국파일, 대형 건설사 협력사 등록 20곳 눈앞…수익성 개선 기대감 확대",Economic
한화솔루션 유상증자 투자로 미래 태양광 기술 선점…1분기 흑자 전망,Economic
"기후장관 ""종량제 봉투, 6개월 이상 물량 확보…가격 인상도 없다""",Economic
호르무즈 이어 홍해도 '비상'…유가 150달러 경고,Economic
"탑런토탈솔루션, 비주력 패킹 사업 축소…핵심 모듈 사업 역량 집중",Economic
"흥국생명, 작년 4376억원 창사 이래 '최대 실적' 달성…137.8%↑",Economic
"[단독] 어피니티, 롯데렌탈 인수가격 인하 요청... 그룹과 재협상 중",Economic
"TP, 80억 규모 자기주식 처분 확정… “기업가치 제고 일환”",Economic
"""내달 9일 처리"" vs. ""대정부질문 먼저""…여야, 추경 신경전",Economic
주담대 ‘7%’ 돌파에 실수요자 ‘한숨’…금리 불안 장기화 우려,Economic
"BTS 컴백 주말, 광화문 카드사용 0.5%↓…외국인 결제는 74%↑",Economic
"금은 이제 옛말, 전쟁 끝나면 ‘이것’ 오를지도…증권가가 꼽은 다음 투자처는",Economic
“이자내기 무서워요”…치솟는 주담대 금리에 영끌족 ‘비명’,Economic
"李, 다주택 임대사업자 저격 두 달 만에 국세청 “세무조사 착수”",Economic
"""車 보험 올해도 보릿고개""… 8주 룰 제자리에 ‘한숨’",Economic
"중동發 삼중고에 정비사업 차질 빚나…현대건설, ""자재價 최고 40% 인상""",Economic
"국세청, 기업형 임대업자 세무조사 착수‥강남 아파트 등 247채 굴리며 탈세",Economic
결혼식 한번에 3400만원 다시 상승…어디에 썼나 보니,Economic
"""성과급 더 주겠다"" 제안에도…삼성전자 노조, 또 교섭 중단 '논란'",Economic
"아파트 247채 굴리며 탈세… 국세청, 악질 임대업자들 세무조사",Economic
"호르무즈 막혔다더니...""오히려 돈 쓸어 담는다"" 뜻밖의 분석",Economic
'충주맨' 또 터졌다…BBQ 회장 유튜브 300만 돌파,Economic
"여의도 '왕개미' 제대로 뿔났다…""한화트러블"" 직격",Economic
"내년 의무지출 10% '싹둑'…정부, 역대 최대 구조조정 예고",Economic
결혼 비용 다시 뛰었다…식대·대관료 인상에 부담 확대,Economic
"사모대출 환매공포 속 나홀로 웃는다…""2008년 이후 최대 기회""",Economic
"기후부 장관 “쓰레기 봉투, 최악의 상황 땐 일반 봉투 사용 허용”",Economic
"곽동신 한미반도체 회장, 30억 규모 자사주 취득",Economic
“4월 월급 보고 놀라지 마세요” 나는 얼마나 줄어들까...4월은 ‘건보료’ 정산하는 달,Economic
내년 예산 70兆 더 늘려… 양극화 해소·첨단산업 등 4대분야에 돈푼다,Economic
결혼비용 다시 상승…'식대·대관료 인상' 두드러져,Economic
"'수주 대박' K전선, 중동발 피복재 수급 불안에 공급망 '비상'",Economic
구윤철 “유가 120~130달러 되면 위기 격상…민간 차량 부제 검토”,Economic
자사주 꼼수 더는 못한다…자기주식 ‘보유·처분’ 공시 강화,Economic
"중동전쟁에 종량제 봉투 ‘사재기’, 판매 네 배로…음식포장재 가격 올라",Economic
"국세청, 다주택 임대업자 정조준 ""강남 등 247채 임대사업자 200억 탈세""",Economic
클라우드 시장 매출 9조 원 넘어... 2024년보다 25.5% 성장,Economic
‘K 벤처 신화’ 끝나나… 과기원생 10명중 1명만 “창업 도전”,Economic
파업 불참자에 또 협박… 법 위의 삼전노조[현장에서],Economic
서울 매물 두달새 40%↑…‘양도세 공포’에 내달 더 나올듯,Economic
"박윤영의 KT, 임원 30% 교체 ‘쇄신’",Economic
작년 13조 소비쿠폰 풀었는데…카드사용액은 찔끔 증가,Economic
"전세금으로 ‘이자 장사’하고 8억 꿀꺽…국세청, 다주택 임대업자 탈루 정조준",Economic
"세제 혜택 줬더니 2088억원 탈루…국세청, 1조원대 임대업자 세무조사",Economic
